VENTA,PRODUCTO
0,5
0,7
1,0
1,8
1,9
1,1
1,1
1,1
1,3
1,6
1,5
1,6
2,1
2,8
2,6
2,7
2,2
2,7
2,8
2,1
2,4
2,0
2,6
2,0
2,0
2,1
2,4
2,9
2,0
2,0
2,1
2,4
2,3
2,8
2,6
2,0
2,3
2,8
2,4
3,1
3,9
3,1
3,3
3,6
3,4
3,1
3,3
3,8
3,8
3,7
3,0
3,4
3,0
3,6
3,6
3,7
3,8
3,6
3,4
3,5
3,9
3,4
3,4
3,0
3,9
3,8
3,7
3,2
3,6
3,8
3,5
4,0
4,6
4,2
4,3
4,1
4,8
4,5
4,6
4,9
4,1
4,0
4,6
4,8
4,3
4,7
4,9
4,0
4,4
4,8
4,1
4,5
4,4
4,3
4,6
4,4
4,2
4,7
4,7
4,8
4,8
4,8
4,0
4,0
4,9
4,5
4,2
4,4
4,4
4,0
5,8
5,5
5,6
5,5
5,8
5,0
5,2
5,2
5,7
5,1
5,2
5,9
5,0
5,7
5,6
5,6
5,3
5,7
5,4
5,4
5,1
5,1
5,7
6,2
6,2
6,0
7,6
7,7
7,7
8,4
8,8
8,8
9,1
9,3
9,6
10,4
10,5
10,9
10,3
10,7
10,3
10,5
10,5
10,2
10,5
11,6
11,0
11,0
11,6
11,9
11,7
11,8
11,0
11,6
11,5
11,7
11,8
11,9
11,8
11,7
11,4
11,4
11,4
11,1
11,1
11,6
12,6
12,5
12,3
12,9
13,8
13,4
13,9
13,4
13,3
14,3
14,3
14,1
15,6
15,9
15,7
15,8
15,9
15,3
15,7
15,1
15,5
15,8
15,0
15,8
15,3
15,4
15,4
15,5
15,8
15,1
15,8
16,0
16,4
16,7
16,3
16,7
16,2
16,1
17,4
17,6
18,9
18,7
18,5
18,8
18,6
18,1
18,8
18,0
19,8
19,7
19,9
19,5
19,8
19,6
20,2
20,4
21,6
21,0
21,7
21,2
21,2
21,8
21,1
21,1
21,1
21,2
21,6
21,8
21,3
21,3
21,5
21,3
21,5
21,6
21,4
21,9
21,4
21,4
21,0
21,7
21,0
21,0
21,0
21,7
21,0
21,2
21,0
21,0
21,6
21,5
21,5
22,9
22,2
22,3
22,3
22,0
22,6
22,4
22,7
22,2
22,0
22,3
22,6
22,4
22,9
22,4
23,5
23,5
23,3
23,1
23,6
23,3
23,8
23,3
23,6
23,8
24,0
24,6
24,8
24,0
24,7
24,1
24,7
24,0
24,0
24,8
24,8
24,0
24,7
24,6
24,0
24,7
24,5
24,4
24,8
24,4
24,8
24,0
24,3
24,1
24,4
25,6
26,2
26,8
26,3
26,7
26,3
26,6
26,4
26,4
26,4
26,2
26,6
26,5
26,3
26,4
26,7
27,0
27,8
27,2
27,1
27,9
27,0
27,7
28,4
28,9
28,8
28,0
28,2
28,5
28,1
28,1
28,8
28,7
28,4
28,1
28,8
28,1
28,2
28,0
29,2
29,1
29,9
29,1
29,0
29,2
29,5
29,1
30,0
30,4
31,0
32,0
32,7
32,3
32,6
33,7
33,1
33,4
33,2
33,0
33,3
33,8
33,7
34,9
34,8
34,0
34,0
34,8
34,3
34,8
34,7
34,0
35,4
35,0
35,3
35,6
36,5
36,8
36,3
36,9
36,4
36,9
36,0
36,4
37,4
37,0
37,5
37,8
37,6
37,0
37,6
37,8
37,3
37,9
37,5
37,3
37,0
37,7
37,8
37,6
37,5
37,0
37,6
37,6
38,0
38,9
38,1
39,4
39,1
39,3
39,6
40,5
40,4
41,6
41,1
41,8
41,4
41,3
41,4
41,5
41,4
41,5
41,5
41,5
41,5
41,1
41,8
41,2
41,2
41,1
41,0
42,2
42,3
42,6
42,6
42,8
42,4
42,0
43,9
43,8
43,6
43,7
43,6
44,0
44,2
44,1
44,9
44,2
44,3
44,2
44,1
44,0
44,0
44,7
44,4
44,4
44,1
44,0
44,2
44,0
44,7
44,1
44,4
44,4
44,2
44,2
44,4
44,5
44,6
44,6
45,3
45,4
45,0
45,0
45,8
45,0
45,7
45,9
45,1
45,5
45,2
45,6
45,5
45,0
45,7
45,3
45,4
45,6
45,1
45,7
46,8
46,5
46,7
46,3
47,9
47,3
47,2
47,8
47,9
48,1
48,1
48,0
49,3
49,7
49,5
49,6
49,0
49,8
49,4
49,1
49,1
50,1
50,1
50,6
50,9
50,7
50,8
50,0
50,6
51,6
52,3
52,8
52,9
52,7
52,4
52,8
52,8
52,0
53,7
53,1
53,2
53,2
53,1
53,4
53,9
53,3
53,7
53,2
53,6
53,6
53,5
53,2
53,0
54,5
54,6
54,6
54,7
54,5
54,2
55,5
55,7
55,0
55,8
55,0
55,0
55,5
55,6
56,9
56,6
56,0
56,6
56,3
56,9
56,4
56,0
56,0
56,2
56,4
56,7
56,6
56,6
56,4
56,1
56,0
56,3
56,4
56,6
57,8
57,2
57,4
57,2
57,5
57,6
57,5
57,5
57,2
57,4
57,7
58,0
58,9
58,0
58,5
58,2
58,7
58,3
58,3
58,7
58,8
58,0
58,3
58,2
58,4
58,7
58,3
58,3
59,9
59,8
59,1
60,4
61,3
61,0
61,1
61,9
61,2
61,6
61,2
61,5
61,7
61,2
61,1
61,4
61,2
61,9
61,3
61,8
61,3
61,4
61,0
61,4
61,6
61,8
61,7
61,3
61,3
61,1
61,8
61,0
61,3
61,0
61,0
61,0
61,3
61,5
61,7
62,5
63,2
63,1
63,2
63,3
63,9
63,1
63,7
63,0
63,4
63,5
64,5
64,6
64,4
64,7
64,6
64,6
64,5
64,7
64,1
64,2
64,4
64,3
64,4
64,4
64,1
64,3
64,4
64,3
64,5
64,4
65,6
65,8
65,9
65,3
65,6
65,4
65,5
65,7
65,8
65,1
65,3
65,1
65,4
65,3
65,7
65,1
65,3
65,9
65,8
65,1
65,3
65,1
65,4
65,7
65,6
65,7
65,3
65,0
65,9
65,0
65,2
65,7
65,4
65,0
65,0
65,0
65,0
65,4
65,6
65,6
65,1
65,5
65,2
65,3
65,6
65,5
65,5
65,3
65,2
66,2
66,7
66,3
66,5
66,1
66,8
66,7
67,6
67,2
68,1
68,2
68,0
68,7
68,7
68,1
68,1
68,3
68,6
68,7
68,4
68,5
68,3
68,4
69,3
69,2
69,5
69,6
69,0
69,3
69,6
69,4
70,5
70,6
70,7
70,8
70,6
70,3
70,1
70,7
70,6
70,8
70,0
70,0
70,6
70,4
70,4
70,4
70,7
70,8
70,9
70,5
70,8
70,2
70,0
70,5
70,3
70,3
70,3
70,6
70,4
70,3
70,5
70,2
70,2
70,6
70,5
70,4
70,5
70,7
70,5
70,2
71,0
71,0
71,2
71,7
71,4
71,9
71,7
71,4
71,0
71,1
71,3
71,2
71,7
71,0
71,0
71,0
71,5
71,7
71,6
71,0
71,7
71,2
71,0
71,8
71,4
71,4
71,0
71,5
71,6
72,1
72,9
72,3
72,0
72,0
72,8
72,4
72,8
72,6
73,4
73,9
73,1
73,4
73,0
74,7
74,6
74,1
75,4
75,2
75,0
75,6
75,8
75,2
75,8
75,2
75,7
75,1
75,0
75,2
75,9
75,7
75,3
75,2
75,7
75,0
75,0
75,3
76,0
76,6
76,0
76,1
76,5
76,8
77,5
77,7
77,8
77,4
77,3
77,7
77,6
77,0
77,1
77,9
77,5
77,0
77,3
77,0
77,1
77,0
77,8
77,8
77,1
77,8
77,0
77,0
77,8
77,0
77,3
77,8
77,4
77,8
77,1
77,2
77,0
77,6
77,7
77,7
77,0
77,3
78,8
78,0
78,1
78,8
78,4
78,9
78,9
78,5
78,1
78,6
78,0
78,8
78,5
78,7
78,7
78,6
78,5
78,5
78,8
78,3
78,2
78,4
78,5
78,1
78,0
79,2
79,7
79,4
79,9
79,0
79,9
79,5
80,4
80,0
80,1
80,0
80,7
80,5
80,8
80,0
80,4
80,6
80,0
80,8
80,3
80,0
80,1
80,5
80,6
80,5
81,6
81,2
81,6
81,3
81,9
81,4
81,1
81,4
81,4
81,2
81,1
81,2
81,9
81,9
81,4
81,3
81,3
81,4
81,1
81,5
81,6
81,9
81,0
81,4
81,8
81,3
81,6
81,0
81,3
81,4
81,5
81,3
82,9
82,2
82,6
82,3
82,6
82,0
82,9
82,3
82,8
82,7
82,1
82,3
82,0
82,3
82,0
82,5
82,1
82,1
82,4
82,5
82,1
82,5
82,1
82,3
82,4
82,4
82,9
82,0
82,1
82,0
82,3
82,9
82,7
82,0
82,4
82,0
83,3
83,6
83,0
83,4
83,9
84,7
84,2
84,4
84,3
85,0
85,1
85,8
85,6
85,6
85,7
86,8
86,8
86,6
86,8
87,5
87,7
87,1
87,6
87,7
87,0
88,4
88,6
88,0
88,8
88,7
88,4
88,7
88,7
88,9
88,7
88,4
88,7
88,8
88,6
88,4
88,5
88,0
88,5
88,6
88,7
88,3
88,0
88,8
89,7
89,0
89,1
89,8
90,9
90,2
90,1
90,5
91,0
91,9
91,0
91,5
91,8
91,6
91,8
91,8
91,8
91,1
91,3
91,6
91,1
91,3
91,5
91,8
91,5
91,5
91,0
92,3
92,7
92,3
92,7
92,2
92,9
92,9
92,8
92,2
92,1
92,3
92,7
92,2
92,0
92,8
92,0
92,8
92,3
92,8
92,7
93,4
93,8
93,6
93,0
95,4
95,4
95,5
95,5
96,5
96,6
97,9
97,6
97,0
97,0
97,1
97,7
97,4
97,0
97,0
97,4
98,2
98,4
98,5
98,6
98,0
99,6
99,6
99,4
99,7
100,4
100,3
100,2
100,3
100,7
100,1
100,0
100,8
100,6
100,5
100,5
100,7
100,5
100,8
100,4
100,1
100,0
100,0
100,3
100,7
100,8
100,1
100,7
101,0
101,9
101,4
101,8
101,8
101,4
101,7
101,4
101,0
101,3
101,7
101,1
101,0
101,6
101,3
102,3
102,0
102,6
102,9
102,6
102,2
103,5
103,8
103,2
103,3
103,5
103,7
103,7
103,8
103,2
103,4
103,0
103,0
103,3
103,5
103,2
103,1
103,6
103,1
103,9
103,1
103,8
103,3
103,6
103,6
103,2
103,3
103,1
103,1
103,8
103,0
104,6
104,9
104,8
104,1
104,5
104,4
104,7
104,8
104,0
104,2
104,4
104,2
104,1
104,7
104,6
104,3
104,6
104,2
104,8
104,5
104,0
104,3
104,1
104,0
104,8
104,2
104,4
104,2
104,7
104,4
104,5
104,1
104,3
104,6
104,5
105,3
105,8
105,4
105,9
105,5
105,3
105,1
105,3
105,1
105,0
105,5
105,6
105,9
105,3
105,3
105,4
105,1
105,7
105,9
105,8
105,7
105,7
105,1
105,1
105,0
106,7
106,5
106,3
106,0
106,2
106,4
106,4
106,5
106,0
106,6
106,7
106,8
106,3
106,8
106,6
106,1
106,7
106,8
106,7
106,4
107,9
107,4
107,2
107,1
107,6
107,6
107,5
107,6
107,0
107,3
107,5
107,8
107,5
107,2
107,4
107,9
107,6
107,3
108,9
108,0
108,1
108,5
108,4
108,2
108,8
108,5
108,8
108,9
108,4
108,5
108,6
108,8
108,3
108,3
109,1
109,5
109,2
109,0
109,1
109,3
109,1
109,8
109,4
109,9
109,8
109,2
109,7
109,7
109,2
109,8
109,9
110,2
110,6
111,7
111,8
111,3
111,2
111,4
111,5
111,9
111,6
111,6
111,9
111,5
111,5
111,0
111,0
111,8
111,3
111,3
111,5
111,6
111,6
112,4
112,2
112,5
112,2
112,6
112,4
112,0
113,7
113,4
113,6
113,5
113,4
113,2
113,0
113,5
113,0
113,1
113,4
113,0
113,4
113,8
113,4
113,4
113,2
113,2
113,8
113,0
114,2
114,1
115,0
115,0
115,2
115,8
115,8
115,1
115,1
115,5
116,4
116,1
116,0
116,7
116,8
116,7
116,5
117,6
117,1
118,7
118,5
118,3
118,2
118,3
118,3
118,5
118,0
118,5
118,8
118,1
118,5
118,6
118,3
118,2
119,9
120,6
120,2
120,0
120,8
120,7
121,3
121,7
121,3
121,2
121,3
121,5
122,5
122,1
122,6
122,4
122,7
122,0
122,7
122,9
122,0
122,0
123,3
123,9
123,0
124,5
124,6
124,8
124,1
124,6
124,8
124,2
124,2
124,8
124,0
124,3
124,8
124,1
124,8
124,8
124,3
124,6
124,0
124,3
124,0
124,1
125,8
125,9
125,6
125,3
125,0
125,9
125,7
125,7
126,1
126,1
126,1
126,1
126,5
126,9
126,8
126,4
126,2
126,4
126,6
126,9
126,0
126,2
126,1
126,7
126,4
126,4
126,2
126,3
126,0
126,8
126,5
126,4
126,3
126,7
126,3
126,5
126,3
126,5
126,3
126,5
126,7
126,0
126,4
126,0
127,4
127,3
127,3
128,2
128,1
128,8
128,4
129,2
129,6
129,6
129,9
129,1
129,4
129,0
129,7
129,2
129,6
129,4
129,2
129,0
129,0
130,0
131,7
131,5
131,7
131,8
131,3
131,1
131,5
131,6
131,6
132,1
132,4
132,8
132,7
132,5
132,0
132,5
132,9
132,4
132,5
132,2
132,8
132,6
132,5
132,4
132,4
132,6
133,5
133,8
133,1
133,8
133,6
134,7
134,4
134,2
134,2
134,6
134,6
134,0
134,5
134,9
134,3
134,1
134,7
134,0
134,4
134,5
134,0
134,6
134,1
134,1
134,3
134,5
134,7
134,0
134,6
134,3
134,7
134,2
134,3
134,0
135,6
135,5
135,4
135,9
135,7
135,6
135,5
135,5
136,6
136,4
136,2
136,2
137,1
137,9
137,2
137,8
137,1
137,3
137,8
137,2
137,0
137,8
137,0
137,6
137,3
137,2
137,4
138,6
138,3
138,4
138,5
138,6
138,1
138,3
138,2
138,8
139,6
139,4
139,3
140,2
140,7
140,8
140,1
140,4
141,8
141,5
142,5
142,5
142,2
142,1
142,5
142,0
142,5
142,2
142,2
142,6
143,1
143,9
143,8
143,7
143,9
143,9
143,7
144,3
144,7
144,2
144,4
144,9
144,3
144,8
144,8
144,3
144,7
144,7
144,2
144,2
144,3
144,8
144,7
144,0
145,6
145,2
146,5
146,6
146,1
146,7
146,2
146,8
146,9
147,0
147,1
147,4
147,0
147,1
147,2
147,7
147,9
147,7
147,0
147,2
147,0
147,6
147,8
147,7
147,5
147,7
147,5
147,8
147,6
148,5
148,8
148,2
148,4
149,6
149,2
149,0
149,0
149,8
149,2
149,5
149,6
150,6
150,4
150,7
150,5
150,4
150,8
151,4
151,9
151,7
151,5
151,9
151,7
151,5
151,5
151,0
151,6
151,8
151,6
151,6
151,8
151,0
151,0
151,9
151,4
151,4
151,1
151,0
151,0
151,3
151,1
151,7
151,5
151,5
151,3
151,8
151,5
151,0
151,0
151,7
151,6
151,2
151,8
151,5
151,2
152,8
152,9
153,3
153,1
153,7
154,0
154,7
155,2
155,4
155,5
155,3
155,8
156,7
156,8
156,4
156,6
156,3
156,1
156,1
156,0
156,8
156,8
156,4
156,8
156,5
156,8
156,2
157,9
157,2
157,1
157,7
157,5
157,5
157,6
157,4
157,5
157,3
158,9
158,6
158,2
158,5
158,6
158,7
158,9
158,0
158,7
159,8
159,9
159,3
159,7
160,1
160,6
160,6
160,5
160,7
160,4
160,0
160,5
160,1
160,4
160,3
160,4
160,5
160,3
160,5
161,1
161,0
161,8
161,8
161,1
161,7
161,3
161,0
161,8
162,0
162,6
162,2
162,9
162,9
162,6
162,6
163,9
163,1
163,6
163,8
163,7
163,7
163,9
164,8
164,0
164,7
164,0
164,7
164,1
164,2
164,8
164,1
164,2
164,8
164,1
164,2
164,7
164,9
164,4
164,4
164,7
164,0
164,4
164,4
164,0
164,5
164,4
164,4
164,1
164,7
164,5
164,2
164,0
164,1
164,8
164,0
164,6
165,1
165,8
165,4
165,7
165,6
165,6
166,5
166,2
166,0
166,7
166,3
166,8
166,1
166,8
166,1
166,5
166,3
166,4
166,0
167,4
167,7
167,4
167,1
167,8
167,6
167,0
167,5
167,2
167,2
167,8
167,6
167,0
167,6
167,8
167,6
167,0
167,8
167,4
167,1
167,4
167,8
167,4
167,5
167,0
168,2
168,1
168,2
168,4
168,7
168,4
168,1
168,4
169,1
169,6
169,1
169,0
169,9
169,4
169,4
169,9
170,1
170,3
170,9
170,8
170,8
170,4
170,1
170,3
170,5
170,4
170,1
170,1
170,0
170,7
170,0
170,2
170,0
170,7
170,3
170,5
170,7
170,0
170,1
170,2
170,0
170,4
170,3
170,3
170,2
170,6
170,5
170,5
170,5
170,2
170,2
171,6
171,1
171,3
171,2
171,5
171,5
171,0
171,6
172,7
172,9
172,7
172,1
172,3
172,6
172,0
172,3
172,8
172,0
173,1
173,8
173,4
173,3
173,1
173,6
173,9
173,8
174,1
174,6
174,7
174,8
174,9
174,2
174,4
174,6
174,7
174,2
174,7
174,2
174,4
174,7
174,5
174,7
174,3
174,6
174,3
174,8
175,0
175,0
175,7
175,1
175,5
175,1
175,5
175,3
175,5
175,9
176,0
176,8
176,7
176,1
176,2
176,2
176,0
176,9
176,6
176,0
176,4
176,9
176,8
176,1
176,9
176,5
176,6
176,1
176,3
176,3
176,3
176,0
176,9
176,5
176,2
176,6
176,0
176,7
176,6
176,8
176,7
176,6
176,5
176,0
176,0
177,6
177,4
177,2
177,9
178,0
179,0
179,7
179,3
179,6
179,2
179,1
179,8
180,7
180,0
180,9
180,7
180,0
180,9
180,3
180,6
180,5
180,1
180,6
180,7
180,9
180,2
180,7
181,9
181,2
181,0
181,3
181,6
182,8
182,8
182,8
182,3
182,3
182,9
182,8
182,1
182,4
182,7
182,3
182,7
182,5
183,3
183,7
183,9
183,5
183,1
183,3
183,8
184,2
184,0
184,5
184,2
184,3
184,6
184,6
184,9
184,1
184,3
184,2
184,2
184,5
184,2
184,3
185,0
185,5
185,8
185,1
185,7
185,0
185,0
185,8
185,1
185,2
185,2
185,4
185,2
185,5
185,1
185,1
185,3
185,6
186,2
186,8
186,8
186,1
186,0
186,3
186,2
186,0
186,7
186,6
186,7
186,1
186,3
186,6
186,5
186,8
186,8
186,2
186,5
186,9
186,4
186,6
186,8
186,0
186,6
186,6
186,8
186,0
186,3
186,2
187,8
188,7
188,3
188,7
188,1
188,0
189,1
189,3
189,9
189,1
189,6
189,7
189,8
189,0
189,7
189,3
189,6
189,1
189,6
189,5
189,5
189,1
189,3
189,2
189,7
189,1
190,6
190,1
190,0
190,7
190,3
190,3
190,1
190,0
190,3
191,1
191,6
191,8
191,6
191,0
192,6
193,4
193,9
193,2
193,8
194,3
194,6
194,0
194,8
194,0
194,0
194,6
194,6
194,4
194,1
194,7
194,2
194,0
194,5
194,0
195,5
195,6
195,6
195,0
195,0
195,3
195,4
195,5
195,7
195,2
195,0
195,1
195,8
195,9
195,0
195,8
195,9
195,8
195,6
195,4
195,0
195,7
195,5
195,9
195,4
195,3
195,6
195,3
195,1
195,8
195,4
195,5
195,0
195,8
195,4
195,6
195,0
195,3
195,0
195,2
196,0
196,0
196,7
196,9
196,4
196,8
196,1
196,7
196,9
196,1
196,2
196,6
196,1
196,1
196,4
196,1
196,4
196,8
196,2
196,7
196,3
196,3
196,2
196,8
196,1
197,6
197,0
198,4
198,8
199,5
199,8
199,5
199,1
199,3
199,9
199,7
200,4
200,8
200,7
200,4
200,4
200,5
201,7
201,6
201,8
201,0
201,6
201,6
201,6
202,5
203,4
203,5
203,5
203,6
204,8
204,7
204,3
204,3
204,8
204,7
204,3
205,9
205,0
205,8
205,0
205,5
205,8
205,0
205,7
206,5
206,8
206,1
207,2
207,4
207,5
207,3
207,1
208,3
208,2
208,7
208,3
208,6
208,1
208,9
208,7
208,9
208,7
208,9
208,6
208,8
208,4
208,3
208,7
208,5
208,3
208,9
209,3
209,3
209,5
210,5
210,9
210,1
211,5
211,6
211,2
211,6
211,2
211,0
211,5
211,5
211,8
211,6
211,3
211,6
211,7
211,5
211,3
211,8
211,7
211,5
211,8
211,3
211,0
211,9
211,9
211,6
211,5
211,7
211,2
211,7
211,8
211,2
211,4
211,2
211,8
211,6
211,7
211,5
211,2
211,4
211,4
211,0
212,5
212,6
212,0
212,1
212,2
212,7
212,4
212,8
212,7
212,2
212,2
212,8
212,3
212,7
212,0
212,8
212,5
212,3
212,2
212,6
212,2
212,8
212,6
212,2
212,8
212,5
212,0
212,3
212,0
212,0
212,2
212,2
212,7
212,8
213,1
213,6
213,4
214,6
214,5
214,0
214,4
214,7
215,1
215,5
215,7
215,4
215,1
215,2
215,4
215,0
215,3
215,5
216,7
216,2
216,7
216,3
216,4
216,8
216,5
216,7
217,5
217,9
217,7
217,6
217,3
217,1
217,2
217,3
217,9
217,6
217,4
217,4
217,6
217,6
217,9
217,6
217,7
217,3
217,5
217,6
217,0
217,6
217,6
217,4
217,7
217,0
218,9
218,5
218,4
218,1
218,3
218,9
218,3
218,9
218,4
218,4
218,0
218,2
218,5
218,1
218,4
218,0
218,8
218,0
219,9
219,2
219,4
219,2
219,8
219,3
219,9
219,0
219,1
219,2
219,6
219,3
219,7
219,5
219,9
219,6
219,8
219,0
219,0
219,0
220,5
220,6
220,6
220,7
221,6
221,6
221,8
221,3
221,0
221,8
221,0
222,7
222,1
222,1
222,3
222,3
222,3
222,2
222,4
222,5
222,4
222,4
222,1
222,8
222,3
222,8
222,3
222,2
222,6
222,5
222,4
222,1
223,7
223,1
223,1
223,6
223,5
223,9
223,6
223,3
224,6
224,0
224,8
224,3
224,1
224,1
224,7
224,7
224,2
224,0
224,8
224,3
224,2
224,5
224,5
224,2
224,9
224,7
224,4
224,3
225,2
225,6
225,5
225,8
225,5
225,8
225,5
225,0
225,4
225,0
225,1
225,4
225,0
225,1
225,4
225,6
225,6
225,0
225,6
225,3
225,7
225,0
225,0
225,6
225,3
226,1
226,5
226,1
226,8
226,7
226,3
226,9
226,8
226,0
226,1
226,2
226,6
227,7
227,0
228,2
228,7
228,3
228,0
228,5
229,0
229,4
229,2
229,9
229,2
229,3
229,4
229,6
229,8
229,4
229,5
229,5
229,2
229,6
229,7
229,4
229,8
229,0
229,3
229,0
229,0
229,0
230,1
230,5
230,1
230,3
230,0
230,8
230,4
230,7
230,3
230,8
230,5
230,7
230,6
230,0
230,5
231,1
231,5
232,0
232,1
232,5
232,7
232,8
232,9
232,7
232,2
232,8
233,8
233,8
233,2
234,7
234,6
234,9
234,5
234,0
234,4
234,9
234,4
234,2
234,8
234,9
234,7
234,0
234,3
234,1
235,5
235,4
235,1
235,7
235,1
235,3
235,2
235,5
235,8
235,6
236,6
236,8
236,5
236,9
236,3
236,0
237,5
237,2
237,7
237,4
237,8
237,5
238,3
238,0
238,7
239,7
239,0
239,9
239,4
239,6
239,7
239,1
239,3
239,9
239,3
239,0
239,0
239,1
239,5
240,8
240,6
241,8
241,4
241,4
242,5
242,3
243,8
243,6
243,6
243,0
243,8
243,0
244,3
244,6
244,6
244,8
244,3
244,4
244,1
244,8
244,7
244,3
244,9
244,5
244,8
244,8
244,5
244,5
244,4
244,2
244,4
244,1
245,1
245,4
245,8
245,9
245,0
245,8
245,2
245,0
245,8
245,1
245,7
245,7
245,0
245,0
245,0
245,5
245,4
246,9
246,0
246,8
246,6
246,6
246,5
246,4
246,2
246,6
246,8
246,4
246,7
246,3
246,6
246,6
247,5
247,0
247,1
247,8
248,4
248,2
249,8
249,5
249,4
249,3
249,8
249,9
249,6
249,4
249,3
249,9
249,7
249,9
249,1
249,3
249,8
249,3
249,6
249,3
249,4
249,4
249,8
249,2
249,9
249,4
249,7
249,0
250,2
250,6
250,3
251,8
251,1
251,6
251,1
251,7
251,6
251,1
251,5
251,4
251,7
252,8
252,6
253,5
253,7
253,8
253,6
253,0
253,1
253,9
253,2
253,7
253,7
253,5
253,7
253,5
253,5
253,9
253,7
253,6
253,2
253,3
253,7
254,6
254,7
254,7
254,3
254,0
254,2
254,8
254,5
254,9
254,7
254,2
254,3
254,0
254,9
254,2
254,6
254,3
254,0
255,3
255,0
255,7
255,7
255,3
255,4
255,7
255,6
255,4
255,9
255,2
255,8
255,5
255,8
255,7
255,2
255,2
255,5
255,6
255,2
255,0
255,1
255,4
255,1
255,5
255,2
255,2
255,1
255,0
255,1
255,2
255,1
255,2
255,5
255,2
255,1
255,2
255,7
255,5
255,6
256,8
256,0
256,1
256,0
256,8
256,0
256,7
256,7
256,8
256,1
256,9
256,1
256,7
256,1
256,7
256,7
256,7
256,8
256,1
256,4
256,8
256,7
256,7
256,0
256,0
256,0
256,2
256,8
256,6
256,2
256,8
256,2
256,4
256,8
256,2
256,1
256,1
256,4
256,1
256,1
257,0
257,8
257,6
257,9
257,3
257,0
257,6
258,6
258,4
258,7
258,0
258,1
258,4
258,1
258,3
258,0
258,7
258,1
258,2
258,2
259,6
259,6
259,4
259,2
259,9
259,4
259,2
260,8
260,7
260,3
260,1
260,2
260,1
260,3
260,9
260,8
260,4
260,1
260,3
260,3
260,8
260,0
260,2
260,3
260,3
260,8
260,9
260,7
260,1
260,9
260,0
260,0
261,6
261,6
261,1
261,8
261,2
261,9
261,8
261,3
261,2
261,8
261,0
261,4
262,5
262,9
262,2
262,4
262,4
262,0
262,1
262,6
262,2
262,0
262,7
262,4
262,5
262,3
262,1
262,4
262,9
262,0
262,2
262,6
262,0
262,8
262,3
262,2
262,9
262,2
263,5
263,9
263,5
263,0
263,1
263,6
263,4
263,1
263,1
264,8
265,8
265,4
265,9
265,0
265,5
265,3
265,4
265,4
265,7
265,0
265,4
265,8
265,2
265,1
265,9
265,3
265,2
265,1
265,5
265,3
265,9
265,4
265,6
265,6
265,7
266,3
266,1
266,6
266,7
266,9
266,3
266,8
267,0
267,0
267,1
267,7
267,8
268,4
268,1
268,9
268,1
268,0
268,6
269,4
269,4
269,5
269,0
269,7
269,0
269,4
269,8
269,9
270,0
270,9
270,6
270,7
270,5
270,5
270,9
270,7
270,8
270,3
270,6
271,8
271,5
271,0
271,0
271,9
271,2
272,2
272,6
272,1
272,0
272,0
272,4
272,6
272,6
272,3
272,1
272,2
272,2
272,4
272,5
272,5
272,6
272,2
272,7
272,8
272,5
272,9
272,1
272,4
272,0
272,8
272,8
272,9
272,3
272,8
272,3
272,4
272,2
272,0
273,3
273,7
273,2
273,6
273,5
273,0
274,2
275,6
276,2
276,7
276,7
276,4
276,3
276,2
276,4
277,1
277,5
277,3
277,3
277,0
277,4
277,7
277,3
277,4
278,3
278,6
279,2
279,7
279,0
279,7
279,3
279,8
279,5
279,9
279,1
279,0
279,5
279,0
279,1
279,5
279,8
279,3
279,8
279,3
279,8
279,7
279,8
279,1
279,9
280,1
280,9
280,1
280,0
280,9
280,1
280,3
280,1
280,2
280,7
280,2
280,3
280,1
280,9
280,2
280,7
280,7
280,4
280,8
280,0
280,4
281,1
281,5
281,6
281,2
281,9
281,1
281,1
281,4
281,2
282,3
282,0
282,7
282,9
282,5
282,4
282,6
282,1
282,1
282,5
282,1
282,6
282,5
282,9
282,1
282,6
282,2
282,1
282,6
283,6
283,0
283,1
283,2
283,7
283,4
283,4
283,7
283,5
284,2
284,4
284,5
284,7
284,0
284,3
284,1
284,1
284,8
284,6
284,1
284,4
284,0
284,4
284,6
284,8
284,0
284,0
284,4
285,5
285,9
285,8
286,4
286,3
286,6
286,5
286,0
287,7
287,0
287,0
287,3
287,0
287,5
287,0
287,0
287,7
287,8
287,4
288,7
288,6
288,2
288,5
289,0
289,7
289,1
289,2
289,2
289,6
289,0
289,8
289,8
289,0
290,7
290,3
290,7
290,5
290,4
290,5
290,7
290,1
290,2
290,9
290,5
290,8
290,4
290,5
290,4
290,1
290,8
290,3
290,2
290,5
291,4
291,1
292,1
293,5
294,5
294,8
294,1
294,2
294,2
294,9
294,1
294,0
294,9
294,8
294,0
294,5
294,6
294,8
294,6
294,0
294,0
294,7
294,6
294,6
294,0
294,1
294,2
294,3
294,5
294,3
294,6
294,2
294,3
294,6
294,7
294,3
294,4
294,7
294,1
295,9
295,8
295,7
295,6
295,6
295,7
295,5
295,0
295,3
295,2
295,5
295,9
295,1
295,8
295,1
295,9
295,4
295,2
295,8
295,1
295,5
295,1
295,6
295,4
296,9
296,3
296,1
296,1
296,1
296,1
296,5
296,8
296,5
296,9
296,6
296,8
296,3
296,7
296,3
296,1
296,4
296,4
296,7
296,2
296,7
296,2
296,6
296,2
296,7
296,0
297,1
297,5
297,5
297,7
297,8
298,2
298,8
298,6
298,4
298,2
298,1
298,7
298,0
298,4
298,1
298,5
298,3
298,0
298,0
299,0
299,9
299,5
299,2
300,5
300,9
300,5
300,7
300,6
300,3
300,5
300,7
300,2
300,6
300,1
300,1
300,7
300,5
300,6
300,5
300,2
300,2
300,0
300,2
300,4
301,5
301,5
301,2
301,9
301,5
302,5
302,7
302,3
302,1
302,4
302,2
302,2
302,2
302,3
302,7
302,4
302,0
302,5
302,4
302,0
302,9
302,7
302,1
302,6
302,1
302,2
302,8
302,8
302,9
302,9
302,2
302,3
302,2
302,0
302,1
302,3
302,3
302,4
302,4
302,0
303,8
303,1
303,5
303,3
303,8
303,6
303,2
303,1
303,1
303,4
303,6
303,8
303,0
303,5
303,7
303,4
303,7
303,7
303,0
303,0
303,4
303,4
303,6
303,7
303,7
303,1
303,0
303,1
303,2
303,1
304,7
304,8
304,6
304,7
304,2
304,1
304,9
304,9
304,1
304,3
304,6
304,2
304,1
304,4
304,1
304,7
304,9
304,2
304,1
304,6
304,5
304,4
304,2
304,1
304,2
305,7
305,1
305,3
305,4
305,0
305,8
305,0
305,5
306,5
306,5
306,8
306,8
306,8
306,0
306,4
307,4
307,3
307,4
307,8
308,0
308,8
308,6
308,1
308,3
308,3
308,1
308,0
308,2
308,1
308,7
308,8
308,0
308,6
308,2
308,2
308,7
308,1
308,5
308,2
308,2
308,2
308,7
308,9
308,2
308,3
308,3
309,7
309,5
309,7
309,2
309,3
309,2
309,9
309,0
310,7
310,7
310,7
310,7
310,0
311,6
311,0
311,1
311,6
311,0
311,5
312,3
312,4
312,6
312,0
312,3
312,1
312,7
312,7
312,6
313,4
313,0
313,9
313,0
313,8
313,7
313,8
313,3
313,3
313,8
313,8
314,3
314,9
314,4
314,8
314,0
314,4
314,5
314,2
314,6
314,6
314,5
314,4
314,4
314,0
315,4
315,1
316,7
316,1
316,7
316,2
316,4
316,4
316,4
317,8
318,4
318,7
318,0
318,0
318,3
318,5
318,5
318,2
318,6
318,4
318,8
318,3
318,6
318,1
318,9
318,6
318,6
318,0
318,6
318,6
318,5
318,5
318,1
318,6
318,7
318,7
318,7
318,9
318,5
318,1
318,7
318,7
318,1
318,2
318,0
319,1
319,3
320,5
320,5
320,1
320,4
320,1
320,7
320,1
320,8
320,9
320,1
320,3
320,5
320,1
320,4
320,0
320,1
320,1
320,1
320,2
320,2
321,8
321,6
321,4
321,4
321,7
321,7
321,8
321,4
321,2
321,1
321,4
321,1
321,4
321,2
321,7
321,9
321,6
321,2
321,8
321,0
321,3
321,7
321,0
321,7
321,0
322,2
323,6
323,9
323,6
323,7
323,6
323,1
323,0
323,5
323,1
323,1
323,9
323,1
323,3
323,4
323,3
323,0
323,8
323,3
323,0
323,3
323,4
323,0
323,4
323,4
323,4
323,4
323,1
323,7
323,6
323,7
323,2
323,3
323,4
323,5
323,4
323,1
323,6
323,8
323,0
323,4
323,3
323,8
323,7
323,0
323,1
323,0
323,6
324,4
324,6
324,8
325,0
325,8
325,5
326,4
326,1
326,2
327,2
327,2
327,1
327,0
327,8
327,3
327,5
327,2
327,2
327,7
328,2
328,6
328,7
328,0
328,6
328,6
328,8
328,1
328,8
328,0
328,0
328,4
328,5
328,7
328,3
328,6
328,3
328,6
328,4
328,1
328,2
328,2
328,3
328,8
328,0
329,5
329,8
329,1
329,2
330,7
330,7
330,7
330,3
330,7
330,1
330,5
330,8
330,8
330,7
330,1
330,6
330,4
330,5
330,6
330,5
330,4
330,2
330,6
330,6
330,1
330,6
330,4
330,8
330,6
331,4
331,5
331,4
331,7
332,0
332,8
332,6
332,0
332,3
332,3
332,8
332,8
332,1
332,5
333,2
333,2
333,1
333,8
333,5
333,8
333,0
333,6
334,7
334,2
334,4
334,1
334,9
335,3
335,0
335,4
335,8
335,5
335,4
335,1
335,8
336,0
336,3
336,1
336,5
336,2
336,8
336,3
336,0
336,2
336,1
336,5
336,0
336,1
336,3
336,3
336,1
336,3
336,6
336,4
336,8
336,5
336,3
336,1
336,7
336,8
336,0
336,4
336,0
336,2
336,4
337,4
337,3
337,6
337,2
337,0
337,2
337,8
337,0
337,5
337,4
337,8
337,3
337,9
337,1
337,4
337,0
337,8
337,0
337,7
337,0
338,7
338,0
338,1
338,4
338,7
338,1
338,4
338,5
338,0
339,7
339,1
339,1
339,9
339,6
339,9
339,1
339,2
339,6
339,8
340,0
340,8
340,8
341,9
341,4
341,1
341,9
341,6
341,9
341,0
342,7
342,6
342,5
342,4
343,8
343,9
343,5
343,4
343,6
343,1
343,3
344,1
344,9
344,0
344,9
344,4
344,9
344,4
344,6
344,6
345,2
345,8
345,3
346,9
346,1
346,6
346,4
346,7
346,0
346,7
346,6
346,3
346,0
346,0
346,6
346,2
346,2
346,4
346,5
346,0
346,3
346,6
346,0
347,8
347,2
347,2
347,0
347,6
347,9
347,0
347,8
347,7
347,4
347,0
347,7
347,8
348,8
348,7
348,1
348,1
348,6
348,7
348,4
348,4
348,1
348,9
348,4
348,9
348,1
348,1
348,5
348,8
348,5
348,3
348,1
348,5
348,6
348,1
348,0
348,2
348,2
349,2
349,2
349,4
350,0
350,5
350,2
350,3
350,4
350,7
350,4
350,1
350,4
350,6
351,6
351,9
351,4
352,5
352,2
352,0
352,4
352,4
352,5
352,0
352,5
353,5
353,2
353,0
353,7
353,8
353,2
353,1
353,4
353,9
353,6
353,0
353,5
353,6
353,6
353,7
353,3
353,3
353,1
353,2
353,1
353,1
353,4
353,3
353,6
353,3
353,6
353,7
353,2
353,0
354,9
354,6
355,7
356,7
356,6
356,8
356,1
356,9
356,1
356,4
356,3
356,2
356,9
356,5
356,3
356,7
356,1
356,7
356,0
356,2
356,5
356,9
356,6
356,5
356,3
356,0
357,2
357,4
357,1
357,3
357,7
357,5
357,8
357,7
357,5
357,5
357,8
357,1
357,3
357,8
357,4
357,0
357,9
357,8
357,0
357,6
357,7
357,5
357,2
357,5
357,3
358,5
358,9
358,7
358,5
358,3
359,3
359,8
359,2
360,3
360,0
360,8
360,8
360,8
360,7
360,8
360,0
360,4
360,2
361,6
361,2
361,2
362,0
362,7
362,0
362,4
362,6
362,8
362,2
362,1
362,7
362,6
362,3
362,5
362,4
362,8
362,6
362,3
362,0
363,3
363,5
363,4
363,1
363,8
363,0
363,0
363,0
363,7
363,2
363,0
363,4
363,8
363,8
363,5
364,7
364,4
364,7
364,9
364,3
364,9
364,3
364,5
364,1
364,2
364,4
364,3
364,1
365,1
365,6
365,1
365,5
365,5
365,4
365,2
365,3
366,1
366,2
366,1
366,0
366,4
366,4
366,0
367,8
367,8
367,2
367,3
367,6
367,1
367,3
367,1
367,8
367,1
367,5
367,2
367,7
367,5
367,0
367,6
367,2
367,1
367,4
367,1
367,4
367,3
367,2
367,1
367,8
368,3
368,6
369,7
369,5
369,0
369,3
369,1
370,5
370,5
370,6
370,5
370,4
371,1
371,1
371,5
371,7
371,1
372,9
372,0
373,3
373,5
373,6
373,6
373,9
373,7
373,6
373,5
373,3
373,5
373,9
373,0
373,5
373,0
373,7
374,1
374,6
375,4
375,9
375,0
375,9
375,0
376,8
376,4
376,7
376,7
376,1
376,5
376,8
376,3
376,6
376,6
377,9
377,0
377,5
378,9
378,9
378,6
378,5
378,5
378,7
378,3
378,0
378,0
379,1
379,4
380,4
380,2
380,2
380,2
380,1
380,1
381,1
381,1
381,0
382,8
382,3
382,5
382,2
382,2
382,3
382,7
382,1
382,4
382,9
382,6
382,9
382,1
382,1
383,2
383,2
383,6
383,3
383,5
383,3
383,4
383,9
383,1
384,9
384,7
384,1
384,8
384,0
384,7
384,1
384,1
384,7
385,6
385,7
385,0
385,7
385,2
385,3
385,7
385,2
386,0
386,0
387,0
387,4
388,0
388,2
388,9
388,5
388,8
388,0
388,7
388,8
388,5
388,6
389,6
389,4
389,8
389,1
389,9
389,2
389,2
389,8
389,1
390,4
390,5
390,6
390,5
390,9
391,7
391,8
391,2
391,8
391,0
391,3
391,2
392,0
392,8
392,6
392,7
392,5
392,8
392,9
392,1
392,7
392,6
392,4
392,0
392,5
392,1
392,8
393,8
393,8
393,0
394,7
394,9
395,1
395,7
395,6
395,5
395,4
395,5
395,8
395,5
396,8
396,1
396,2
396,7
396,9
396,6
397,0
397,2
397,4
397,3
397,6
397,4
397,3
397,7
397,0
397,2
397,5
398,8
398,6
398,0
398,4
398,4
398,0
398,1
398,8
398,7
398,2
398,0
398,4
398,9
398,5
398,0
398,3
398,0
398,2
398,6
398,4
398,2
398,1
398,5
398,3
398,3
398,3
398,4
398,8
398,3
398,6
398,1
398,4
398,5
398,0
398,1
398,7
398,5
398,7
398,0
398,8
398,3
398,1
398,9
398,4
399,5
400,3
400,2
400,0
400,0
400,0
400,0
400,5
400,4
400,9
400,7
401,8
401,0
401,9
401,8
401,0
401,1
401,2
401,0
401,2
401,3
401,3
401,2
401,5
401,6
401,5
401,4
401,9
401,8
401,2
401,9
402,0
402,9
402,4
402,2
402,8
402,8
402,5
402,3
402,2
402,2
402,8
403,6
403,7
403,2
403,4
403,7
403,0
404,1
404,7
405,7
405,0
405,4
405,4
405,0
405,8
406,9
406,4
406,4
406,9
406,0
406,7
406,3
406,2
406,9
407,8
407,4
407,0
407,7
407,5
407,4
407,5
407,3
408,7
408,7
408,4
408,2
408,4
408,2
408,0
409,1
409,0
409,6
409,6
409,5
409,1
409,7
409,0
409,2
409,2
409,0
409,7
409,8
410,8
410,4
410,4
410,5
410,4
410,9
410,7
410,3
410,1
410,9
411,5
411,3
411,3
411,0
411,9
411,4
411,8
411,6
411,2
411,2
412,6
412,6
412,3
412,9
412,9
413,8
414,7
414,5
414,0
414,3
414,1
414,6
414,2
414,1
414,6
414,2
415,5
415,6
415,8
415,0
415,1
416,0
417,9
417,4
417,5
417,7
417,5
417,1
417,6
418,3
418,5
418,4
418,8
418,2
418,0
418,2
419,2
419,3
419,6
419,6
419,8
419,7
419,5
419,4
419,5
419,9
419,1
419,5
419,6
419,4
419,0
419,6
419,0
419,8
419,9
419,6
419,4
419,2
419,3
419,5
419,3
420,2
420,5
420,4
420,2
420,6
420,3
420,7
421,1
421,7
421,7
421,5
421,3
422,1
422,9
422,9
422,6
422,7
422,0
422,4
422,4
422,6
422,0
423,4
423,9
423,2
423,0
423,3
423,1
423,6
423,7
424,0
424,1
424,5
424,8
425,2
425,5
425,5
426,9
426,5
426,1
426,6
426,4
426,4
426,9
426,5
426,5
426,0
426,3
426,3
426,4
427,8
427,6
427,5
427,0
427,3
427,4
427,6
427,3
427,2
427,9
427,5
427,4
427,3
427,0
427,2
427,0
427,8
427,3
427,0
427,3
427,0
427,7
427,7
427,4
427,8
428,7
428,7
428,9
428,4
428,7
428,3
428,8
428,3
429,8
429,6
429,7
429,6
429,1
429,6
429,5
429,4
430,1
430,3
430,7
431,0
431,4
431,1
431,0
431,5
431,6
431,1
431,7
431,8
431,4
431,1
431,0
431,8
431,1
431,6
431,6
431,6
431,1
431,5
431,4
431,1
431,8
431,6
431,0
431,6
432,6
432,5
432,7
432,1
432,5
432,0
432,6
432,5
432,7
432,0
432,5
432,5
432,7
432,8
432,8
432,3
432,5
432,3
432,2
433,1
433,2
433,5
433,0
433,8
433,0
433,6
433,1
433,6
433,3
433,3
433,4
433,3
433,4
433,8
433,3
433,1
433,1
433,0
433,7
433,1
433,6
433,7
434,6
434,3
434,3
434,7
434,0
434,9
434,8
434,4
435,7
435,4
435,9
435,7
435,4
435,2
435,3
436,3
436,0
436,7
436,2
436,6
436,1
436,0
436,0
436,6
437,8
437,3
437,3
437,7
437,6
437,3
437,6
437,0
437,2
437,3
437,8
437,2
437,2
438,9
438,4
438,3
438,2
438,5
438,4
438,3
438,3
438,0
438,2
438,4
438,9
438,6
439,4
439,3
439,3
439,4
439,5
439,3
439,8
440,6
440,3
441,8
441,4
441,6
441,4
441,4
441,7
441,6
441,8
441,0
441,9
441,6
441,7
441,7
441,4
441,3
441,9
441,7
441,1
441,7
441,6
442,1
442,5
443,9
443,5
443,8
443,8
443,8
443,8
443,6
443,4
443,0
443,4
443,1
443,8
443,9
443,4
443,4
443,8
443,4
444,7
444,4
444,3
444,4
444,9
445,8
445,3
445,6
445,7
445,1
445,9
445,9
445,5
445,0
445,2
445,8
445,0
445,8
445,4
445,5
445,0
445,0
445,1
445,1
446,2
446,1
446,5
447,4
447,0
448,3
448,3
448,4
448,7
448,8
448,2
448,1
448,8
448,7
448,3
448,5
448,1
448,8
448,3
448,4
448,6
448,2
448,5
448,9
448,2
449,9
450,1
450,7
450,3
450,3
450,1
450,3
451,2
451,4
451,8
451,0
451,4
451,9
451,0
451,0
451,2
451,3
451,6
452,0
452,4
452,2
452,2
452,0
453,8
453,7
453,2
454,9
454,6
454,6
454,9
454,2
454,9
454,0
454,5
454,0
455,2
455,5
455,3
455,7
455,6
455,1
455,7
455,2
455,3
455,2
455,3
455,6
455,2
455,7
455,8
455,7
455,0
455,7
455,2
455,6
456,0
456,7
456,3
456,4
456,4
456,0
457,3
457,8
457,8
457,6
457,9
457,2
457,2
457,1
457,3
457,1
457,5
457,2
457,4
457,7
457,7
458,2
458,9
458,3
458,5
459,3
459,7
459,5
459,2
459,4
459,6
460,9
460,2
460,0
460,1
460,5
460,0
460,1
460,4
460,7
460,7
460,6
460,9
460,3
460,7
460,5
460,3
460,5
460,5
460,2
460,7
461,2
461,4
461,5
462,9
462,2
462,7
462,3
463,1
463,8
463,4
463,0
463,4
463,1
463,3
463,4
463,5
464,4
464,2
464,6
465,2
465,1
465,3
465,2
465,1
465,3
465,0
465,4
465,0
466,0
466,1
466,9
466,2
466,9
466,6
466,3
466,1
466,5
466,7
466,2
466,4
466,1
466,1
466,7
466,7
466,8
466,5
466,2
466,2
467,5
467,1
467,0
467,8
467,7
467,2
467,2
467,3
467,2
467,1
467,1
467,2
467,6
467,4
467,1
467,3
467,9
467,5
467,1
467,6
467,8
467,8
467,8
467,0
467,0
468,2
468,4
468,8
468,3
468,2
468,6
468,5
468,3
468,3
468,1
468,6
468,5
468,3
468,2
468,2
468,6
468,7
468,1
468,6
468,2
468,3
468,0
468,1
468,0
469,2
469,3
469,0
470,0
470,4
470,4
471,3
471,5
471,1
471,7
471,1
471,7
471,7
471,8
472,1
472,6
472,7
472,3
472,7
472,5
473,3
473,7
473,2
473,2
473,6
473,9
473,6
473,0
473,4
473,4
473,8
473,3
473,4
473,0
473,4
473,2
473,1
473,8
473,7
473,8
473,2
473,5
473,8
473,0
473,1
473,7
473,7
473,3
473,7
473,0
474,1
474,6
474,2
474,5
474,0
474,0
474,5
474,1
475,2
475,7
475,5
475,0
476,7
476,7
476,4
476,6
476,2
476,7
476,3
476,3
476,8
476,8
477,7
478,1
478,3
478,3
478,7
478,7
478,7
479,3
479,0
479,8
479,5
479,2
479,5
479,7
479,5
479,0
479,5
479,2
479,8
479,3
479,5
479,5
479,6
479,4
479,3
479,2
479,7
480,3
481,1
481,9
481,1
481,0
481,3
481,8
481,2
481,2
481,3
481,2
481,1
481,3
481,8
481,1
481,5
482,3
483,8
483,1
483,0
483,0
483,4
484,0
484,7
484,6
484,1
484,5
484,8
484,9
484,7
484,4
484,2
484,1
484,0
484,9
484,9
484,2
484,7
484,3
484,7
484,1
484,2
484,8
484,2
485,0
485,4
485,4
486,7
486,5
486,3
486,4
486,1
486,3
486,5
486,2
486,3
486,1
486,1
486,4
486,9
486,8
486,6
486,6
486,6
486,2
486,5
486,3
486,4
486,0
486,0
486,6
486,5
487,8
487,1
487,5
487,5
487,4
487,7
487,8
487,7
487,8
487,1
487,4
487,4
487,0
487,0
488,7
488,8
488,4
488,0
488,8
488,5
488,0
488,7
488,0
488,5
488,0
488,2
488,8
488,6
488,6
488,3
488,9
488,9
488,6
488,9
488,4
488,2
488,7
488,0
488,7
488,4
489,9
489,3
489,6
489,1
489,6
489,1
489,9
489,4
489,8
489,7
489,6
489,1
489,1
489,0
489,0
489,1
490,7
490,9
490,7
491,9
491,9
491,1
491,3
491,5
491,4
491,0
491,3
491,1
492,1
492,7
492,1
492,4
492,7
492,5
492,0
492,2
492,3
492,5
492,0
492,5
492,1
492,8
492,6
492,1
492,6
492,4
492,7
492,4
492,6
492,1
492,3
492,8
492,2
492,8
492,6
492,0
492,3
492,8
492,2
492,5
492,8
492,2
492,7
493,2
493,8
493,1
493,5
493,0
493,1
493,8
493,2
493,4
493,0
493,0
493,7
493,0
493,1
493,9
493,8
493,3
493,1
493,4
493,0
493,4
493,3
493,7
493,7
493,6
493,7
493,5
493,0
494,2
495,6
495,2
495,4
495,3
495,8
495,9
495,9
495,1
495,2
495,7
495,0
495,9
495,7
495,6
495,2
495,2
495,5
495,8
495,6
495,5
495,6
495,2
495,1
495,6
495,8
495,3
495,3
495,9
495,2
495,6
495,0
496,1
496,0
496,0
496,8
496,3
496,0
496,5
496,8
496,4
496,6
496,7
496,2
496,4
496,8
496,3
496,4
496,2
496,3
496,5
496,1
496,5
496,3
496,2
496,9
496,8
496,7
496,6
496,0
496,9
496,3
496,1
496,0
496,0
496,5
496,0
496,6
496,6
496,5
496,0
496,0
497,8
497,8
497,0
497,9
497,5
497,0
497,5
497,8
497,3
497,6
498,6
498,3
498,1
498,6
498,6
498,8
498,3
498,7
498,3
498,0
498,6
498,0
498,2
498,6
498,1
498,2
498,8
498,1
498,2
499,3
500,3
500,4
500,2
500,9
500,0
500,9
500,3
501,8
501,3
501,2
501,3
501,9
501,3
501,8
501,8
501,3
501,5
501,0
501,7
501,8
501,1
501,6
501,4
501,5
501,2
501,4
501,0
501,0
502,4
502,9
502,3
502,0
502,5
502,3
502,1
502,6
502,8
502,1
503,8
503,8
503,1
503,0
503,2
503,0
504,4
504,5
505,3
505,2
505,1
505,0
505,5
505,5
505,5
505,0
505,0
506,4
506,3
506,1
506,0
506,8
506,2
506,3
506,3
506,0
506,4
506,4
506,6
506,3
506,5
506,4
506,1
506,5
506,8
506,0
507,4
507,7
507,7
507,3
507,6
507,5
507,3
507,0
508,1
508,1
508,5
508,6
508,1
508,6
508,2
508,8
508,9
508,6
508,5
508,5
508,9
508,6
508,5
508,0
508,3
508,0
508,1
508,3
509,7
510,6
510,9
510,9
510,3
510,0
510,0
510,2
510,7
510,4
510,3
510,2
510,5
510,6
511,7
511,5
511,7
511,1
511,8
512,4
512,2
512,6
512,1
513,6
513,2
513,8
513,5
513,8
513,0
514,5
514,2
514,9
514,2
514,1
514,6
514,0
514,7
514,3
514,1
514,5
514,4
514,9
514,2
514,2
514,1
514,7
514,6
514,3
514,7
514,2
514,7
514,3
514,9
514,5
514,8
514,6
515,8
515,0
515,9
515,9
516,0
516,3
516,5
516,1
516,1
516,6
517,2
517,8
517,0
517,2
517,0
517,8
517,8
517,0
517,1
517,6
518,7
518,7
518,0
518,9
518,1
518,0
519,3
519,6
520,2
520,9
520,2
520,9
520,7
521,9
521,0
521,0
521,6
521,1
521,1
521,3
521,1
521,6
521,1
521,4
521,5
521,9
521,7
521,6
521,4
521,5
521,7
521,0
521,4
521,5
521,0
521,5
521,4
521,8
521,4
521,6
521,0
522,8
522,8
522,0
522,3
522,8
522,3
522,3
522,4
522,1
523,8
523,3
523,4
523,8
523,9
523,9
523,3
523,5
523,7
523,0
523,6
523,6
523,4
523,9
523,9
523,0
523,6
523,2
523,7
523,1
524,7
524,8
524,8
524,2
524,3
524,1
524,7
524,2
524,0
524,0
524,5
524,3
524,7
524,9
524,6
524,0
524,2
524,6
524,6
525,6
525,1
525,5
525,2
525,0
525,7
525,0
525,4
525,2
525,1
525,7
525,7
525,1
525,2
525,6
525,3
525,7
525,1
525,7
525,9
525,4
525,2
525,9
525,2
525,9
525,0
525,3
525,4
525,8
525,2
525,0
525,5
525,4
525,0
526,5
526,9
527,6
527,2
527,4
527,7
527,7
527,2
527,6
527,2
527,0
527,0
527,4
527,7
527,8
527,1
527,4
527,1
527,4
527,4
527,9
527,3
527,0
527,9
527,8
527,8
527,3
527,1
527,1
527,5
527,8
527,0
527,8
527,2
527,6
527,2
527,5
528,6
528,3
528,7
528,7
528,6
528,2
528,8
528,3
528,5
528,6
528,0
528,3
528,2
528,2
528,2
528,4
528,7
528,2
528,0
528,9
529,0
529,7
529,4
529,9
529,4
529,2
529,0
529,8
529,9
529,1
529,4
529,0
529,6
529,3
529,8
530,3
530,4
530,9
530,3
530,2
530,1
531,1
531,8
531,6
531,2
531,7
531,8
531,3
532,7
532,1
532,5
532,6
533,4
533,6
533,0
533,5
533,5
533,8
533,0
533,8
533,2
533,0
533,9
533,2
533,4
533,6
533,0
533,3
533,4
533,9
533,3
533,5
533,9
533,8
533,5
533,5
533,7
533,0
533,2
533,3
534,0
534,1
534,1
534,2
534,2
534,5
534,6
534,4
535,7
535,7
535,3
535,1
535,2
535,4
535,9
535,5
535,1
535,4
535,2
535,2
535,2
535,5
535,8
535,7
535,2
535,8
535,0
535,8
535,8
535,6
535,8
535,5
535,1
535,1
535,4
535,4
535,0
535,5
535,0
535,6
535,3
535,8
535,0
536,4
536,2
536,3
536,6
536,3
536,6
536,2
536,3
536,5
536,6
536,1
536,4
536,1
536,8
536,4
536,5
536,0
536,7
536,2
536,5
536,2
536,1
536,0
536,2
536,1
536,1
536,3
536,0
536,4
536,2
536,0
536,4
536,2
536,1
536,2
536,6
536,8
536,4
536,5
536,3
536,3
536,1
536,2
536,4
536,7
536,8
536,9
536,7
536,4
536,7
537,7
538,4
538,8
538,9
538,5
538,3
538,8
538,3
539,8
539,6
539,0
539,3
539,6
539,0
539,9
539,2
539,0
539,0
539,9
539,1
539,4
539,5
539,1
539,1
539,4
539,3
539,1
539,4
539,6
540,3
540,3
540,3
540,4
540,8
540,0
540,4
540,2
540,1
540,6
540,0
540,8
540,5
540,5
540,2
540,1
540,3
540,8
540,1
540,4
541,3
541,1
541,4
541,7
542,1
542,8
542,2
542,4
542,0
542,6
542,1
542,3
542,1
542,5
542,2
542,7
542,4
542,4
542,7
543,0
543,6
543,5
543,2
543,4
543,9
543,3
543,5
543,6
543,5
543,3
543,5
543,3
543,2
543,8
543,5
543,0
543,5
543,0
543,3
543,8
543,8
543,2
543,1
543,0
544,7
544,7
545,3
545,0
545,5
545,7
545,1
545,9
545,0
545,2
545,5
545,6
545,4
545,1
545,5
545,6
545,0
545,5
545,4
545,4
545,1
545,7
545,6
545,4
545,4
545,3
545,8
545,5
545,2
545,7
545,0
545,0
546,2
546,9
546,6
546,2
546,8
546,8
546,0
547,3
547,2
547,2
547,9
547,2
547,8
547,1
547,1
547,6
547,3
548,5
548,2
548,7
548,9
548,4
548,4
548,3
548,9
548,6
548,3
548,4
548,3
548,9
548,1
548,8
548,1
548,2
548,3
548,4
548,6
548,2
548,2
548,0
549,4
549,2
549,1
549,7
549,2
549,6
549,9
549,3
549,6
549,7
549,1
549,2
549,7
549,2
549,1
549,9
549,2
549,2
549,6
549,3
549,9
549,7
549,1
549,8
549,2
549,6
549,6
549,8
549,0
549,1
549,8
549,0
549,8
549,8
549,0
549,7
549,5
549,6
550,1
550,7
551,5
551,4
551,2
551,4
551,7
551,7
551,6
551,4
551,7
551,9
551,9
551,4
551,7
551,3
551,2
551,3
551,7
551,6
551,2
551,1
551,7
551,8
551,4
551,0
551,0
552,4
552,4
552,1
552,6
552,0
552,1
552,8
552,8
552,4
552,9
552,8
552,1
552,0
552,0
553,6
553,9
553,8
553,3
553,3
554,8
554,3
554,2
554,6
554,5
554,8
554,0
554,0
554,0
554,3
554,0
554,6
554,8
554,1
554,5
554,8
554,7
554,1
554,6
555,7
555,4
555,1
555,2
555,9
555,6
555,6
555,7
555,6
556,6
556,5
556,5
556,1
556,6
556,4
556,4
556,4
556,1
556,9
556,6
556,6
556,0
556,6
556,8
557,2
557,6
557,1
557,9
557,1
557,2
558,4
558,2
558,1
558,7
558,3
558,3
558,4
558,1
558,1
558,9
559,5
559,5
559,0
559,5
559,4
559,0
559,6
559,7
559,6
559,8
559,1
560,4
560,2
560,4
560,0
560,0
560,2
560,5
561,3
561,2
561,3
561,7
561,3
561,5
562,9
562,4
562,7
562,8
562,9
562,4
562,1
562,6
562,2
562,5
562,7
562,5
562,1
562,9
562,2
562,4
562,3
562,7
562,8
562,5
562,5
562,1
562,4
562,0
563,0
563,2
563,9
563,9
563,3
563,5
563,1
564,6
564,8
564,7
564,6
564,3
564,0
564,0
564,2
564,0
564,2
564,8
564,6
564,7
564,5
564,1
564,0
564,9
564,1
564,7
564,9
564,0
564,3
564,1
564,8
564,3
564,3
564,2
564,2
564,1
564,7
564,8
564,2
564,5
564,3
564,0
564,4
564,3
564,8
564,2
564,2
564,0
564,6
564,6
564,4
564,6
564,0
564,4
564,5
564,6
564,4
565,7
565,4
565,7
565,9
565,9
565,3
565,8
565,2
565,4
565,6
565,8
565,4
565,8
565,8
565,3
565,8
565,4
565,0
565,7
566,2
566,4
566,8
566,3
566,1
566,7
566,1
567,4
567,3
567,0
567,7
567,5
567,3
567,4
568,4
568,8
568,7
568,2
569,3
569,1
569,7
569,2
569,0
569,1
570,9
570,0
571,3
571,7
571,6
571,8
571,6
571,9
571,3
571,7
571,4
572,1
572,0
572,6
572,2
572,5
572,9
572,9
572,9
572,7
572,3
572,2
572,3
572,4
572,8
572,1
572,0
572,7
572,1
572,3
572,6
572,3
572,0
572,8
572,1
572,6
572,0
572,3
572,3
572,7
572,7
572,5
572,2
572,7
572,0
572,6
572,6
573,4
574,1
574,2
574,8
574,3
574,3
574,7
574,6
574,4
574,1
574,2
574,8
574,6
574,1
574,0
574,3
574,4
574,5
574,7
574,3
574,4
574,9
574,8
574,8
574,4
574,4
574,4
574,1
574,3
574,5
574,1
574,9
574,7
574,4
574,7
574,5
575,6
575,9
575,8
575,8
575,8
575,3
575,3
575,9
575,0
575,9
576,9
576,2
576,1
576,5
577,0
577,6
577,9
577,4
577,7
577,9
577,5
577,0
577,3
577,6
577,6
577,4
577,6
577,2
577,9
578,1
578,8
578,7
578,4
578,8
578,3
578,9
578,8
578,6
578,6
578,0
578,8
578,6
578,5
578,3
578,6
578,3
578,3
578,3
578,4
578,1
578,3
578,5
578,5
578,5
578,8
578,7
578,3
578,0
578,7
578,6
578,1
578,5
578,1
578,1
578,7
578,1
578,7
578,6
578,5
578,3
578,8
578,4
578,0
579,7
579,2
579,9
579,5
579,2
579,7
579,4
579,9
579,0
579,4
579,3
579,4
579,7
579,5
580,2
580,9
580,4
580,4
580,6
580,7
581,5
581,2
581,5
581,8
581,4
581,6
581,5
581,4
581,1
581,6
581,3
581,6
581,0
581,0
582,6
583,3
583,0
583,5
583,8
583,0
583,6
583,0
583,7
584,0
584,6
584,5
584,3
584,1
584,6
584,9
584,4
585,1
585,8
585,8
585,8
585,7
585,7
585,7
585,7
585,7
585,2
585,8
585,9
585,9
585,1
585,3
585,0
585,5
585,8
585,3
585,3
585,8
585,7
585,5
585,0
585,7
586,5
586,7
586,1
586,2
586,5
587,4
587,2
588,0
588,5
589,3
589,3
589,9
589,8
590,0
590,9
590,1
590,5
590,5
590,3
590,1
590,1
590,0
590,5
590,8
590,8
590,0
590,4
590,3
590,6
590,8
590,2
590,8
590,6
591,9
591,1
591,6
591,8
591,0
592,9
592,9
592,8
592,8
592,2
592,5
592,5
592,4
592,0
592,8
592,3
592,3
592,6
593,7
593,6
593,3
594,1
594,1
594,4
594,6
594,2
594,7
594,1
594,2
594,2
594,1
594,7
594,7
594,0
594,4
594,0
594,4
594,2
594,6
594,7
594,5
594,3
594,4
594,4
594,8
594,8
595,5
595,4
595,3
595,0
595,1
595,0
595,4
595,4
595,1
595,0
595,7
595,1
595,1
595,2
595,7
595,4
595,3
595,1
596,4
596,5
596,8
596,6
596,6
597,0
597,0
597,9
597,2
597,9
597,3
597,4
597,5
598,0
598,7
598,9
598,5
598,7
598,3
598,0
598,9
598,6
599,0
599,5
599,1
600,4
600,9
600,8
600,8
600,3
600,8
600,0
600,0
600,1
600,1
601,0
601,1
601,8
601,8
601,5
601,4
601,4
602,0
602,6
602,2
602,5
602,2
602,3
603,7
603,6
603,1
603,9
603,2
604,8
604,2
604,8
604,0
604,3
604,1
604,0
604,0
604,6
604,1
604,6
604,5
604,1
604,1
604,3
604,5
604,7
604,5
604,0
604,4
604,8
604,2
605,5
605,7
605,7
605,3
605,1
605,0
605,5
605,9
605,0
605,0
605,5
605,1
605,7
605,7
605,6
605,6
605,1
605,1
605,3
605,7
605,9
607,6
607,9
607,4
607,9
607,4
607,0
607,0
607,8
607,4
607,9
608,2
608,6
608,4
608,9
608,5
608,6
608,9
608,8
608,2
608,4
608,8
609,6
609,8
609,0
609,5
609,6
609,1
609,8
609,5
609,3
610,0
611,0
611,7
611,0
611,5
611,1
611,5
611,7
611,3
611,1
612,6
612,3
612,8
612,3
613,5
613,6
613,3
613,7
613,2
613,3
613,5
613,1
613,6
613,5
614,1
615,1
615,1
615,5
615,2
615,6
615,2
616,8
616,8
616,4
616,3
617,6
617,4
617,5
617,4
617,4
617,1
617,7
617,2
617,1
617,0
618,0
618,3
618,8
618,4
618,9
618,8
618,7
618,9
618,6
618,6
619,4
619,5
620,1
620,6
620,5
620,7
620,8
620,6
620,1
620,8
620,7
620,6
620,7
620,9
620,4
620,3
620,0
620,8
620,7
620,7
620,5
620,7
620,2
620,5
620,5
620,3
620,0
621,2
621,4
621,6
621,5
621,6
621,2
621,1
621,7
621,6
621,4
621,8
621,1
621,4
622,4
622,4
622,6
622,2
622,3
623,3
623,8
623,4
624,1
624,9
625,2
625,4
626,0
627,5
627,2
627,1
627,1
627,3
627,8
627,0
627,7
628,3
628,2
628,4
628,6
628,1
628,8
628,5
628,8
628,8
628,4
628,0
628,5
628,3
628,6
628,9
629,1
629,5
630,5
630,5
630,6
630,7
631,0
631,7
631,1
631,8
631,5
631,6
631,1
631,8
631,0
632,6
632,7
632,1
632,2
632,3
632,2
632,5
633,1
633,6
634,7
634,0
634,7
634,0
634,4
634,2
634,5
634,6
634,6
635,4
635,6
635,1
635,1
635,4
635,2
635,2
635,6
635,6
636,6
637,8
637,0
637,0
637,7
637,5
637,4
637,7
637,1
637,4
637,8
637,5
637,2
637,5
637,2
637,0
637,2
637,8
637,1
637,6
637,8
637,2
637,6
637,8
637,0
637,6
637,0
637,6
637,2
637,7
637,0
638,5
638,9
638,2
638,2
638,6
638,7
638,6
638,5
638,5
638,1
638,0
638,2
638,0
638,4
638,2
639,5
639,4
639,5
639,6
639,3
639,7
639,3
639,3
639,9
639,7
639,3
639,0
639,8
639,0
639,5
639,6
639,7
639,8
639,3
639,3
639,1
639,5
639,1
639,7
639,3
639,1
639,8
639,6
639,1
639,1
639,8
639,9
639,0
639,2
639,1
639,0
639,1
639,9
639,6
639,8
639,2
640,7
641,1
641,9
641,5
641,0
641,2
641,0
641,8
641,1
641,5
641,0
641,3
641,6
641,3
641,1
641,0
641,7
641,2
641,3
641,8
641,7
641,6
641,9
641,3
641,7
641,9
641,1
642,3
642,8
642,3
642,1
642,1
642,3
642,4
642,2
642,9
642,8
642,5
642,1
642,4
642,4
642,2
642,8
642,4
642,1
642,5
642,4
642,6
642,5
642,6
642,2
642,1
643,7
643,0
643,2
643,8
643,6
643,0
643,5
643,8
643,2
643,1
643,8
643,7
643,9
643,3
643,0
644,7
644,4
644,9
644,2
644,5
644,9
644,9
644,8
645,3
645,2
645,9
645,5
645,1
645,7
645,0
645,3
645,1
645,1
645,6
645,4
645,4
645,3
645,2
645,0
645,5
645,6
645,6
645,6
646,4
646,6
646,3
646,1
646,8
646,2
646,5
646,3
646,7
647,3
647,5
647,6
647,3
647,2
648,3
648,8
648,1
648,0
649,0
649,0
649,0
649,1
649,3
649,9
649,9
649,0
649,0
649,9
649,6
649,4
649,2
649,5
649,5
649,1
649,1
650,0
650,6
650,3
650,0
650,3
650,2
650,3
650,5
650,7
651,4
651,6
651,8
651,9
651,2
651,2
652,4
652,7
652,1
652,7
652,4
652,7
652,1
652,9
652,6
652,9
652,5
652,9
652,6
652,5
652,8
652,5
652,1
652,1
652,4
652,3
652,9
652,0
652,0
652,3
652,8
652,8
652,8
652,0
653,8
653,5
653,3
653,2
653,8
653,8
653,5
653,1
653,3
653,4
653,2
653,5
654,7
654,8
654,1
654,6
654,3
654,3
654,6
654,2
654,6
655,2
655,1
655,2
655,0
655,1
655,2
655,3
655,4
655,1
655,0
655,1
655,7
655,4
655,6
655,4
655,1
655,5
655,3
655,8
655,0
655,0
655,2
655,3
655,2
655,4
655,8
655,7
655,6
655,6
655,0
655,1
655,1
655,9
655,2
655,3
655,3
655,2
655,4
655,6
655,8
656,4
656,5
656,7
656,0
656,5
656,5
656,1
656,7
656,0
657,7
657,5
657,2
657,3
657,5
658,8
658,1
658,5
658,7
658,1
658,8
658,0
658,4
658,5
658,5
658,5
658,2
658,7
658,0
658,6
658,7
658,2
659,7
659,7
659,1
659,4
659,1
659,6
659,0
660,9
661,7
661,8
661,7
661,2
661,0
661,1
662,8
662,6
662,1
662,9
662,9
662,7
663,3
663,5
663,2
663,2
663,3
663,4
663,3
663,3
663,6
663,2
663,4
663,3
663,2
663,4
663,8
664,9
665,1
665,2
665,5
665,2
665,8
665,4
665,6
665,9
665,8
665,1
665,6
665,8
665,6
665,6
665,0
666,3
666,3
666,4
666,4
667,7
667,2
667,0
668,7
668,4
668,1
668,8
669,4
669,1
669,2
669,7
669,8
669,3
669,7
669,5
669,3
669,7
669,6
669,5
669,1
669,5
669,8
669,4
669,1
670,7
670,6
670,1
670,2
670,5
670,4
670,3
670,1
671,2
671,0
671,5
671,8
671,8
671,0
671,9
671,2
671,8
671,2
671,7
671,3
671,5
671,6
671,5
671,0
671,6
671,4
671,1
671,4
671,6
672,9
672,8
672,6
672,9
672,5
672,4
672,5
672,7
673,7
673,4
673,0
673,2
673,7
673,2
673,5
673,5
673,2
673,4
673,3
674,5
674,1
674,2
674,6
674,2
674,5
674,9
674,2
674,1
674,9
675,6
675,5
675,6
675,8
675,9
675,1
675,5
675,1
675,9
676,3
676,0
677,2
678,8
678,2
678,2
678,3
678,9
678,7
678,6
679,7
679,3
679,9
679,8
679,7
679,2
679,1
679,7
680,2
680,8
680,0
680,3
680,3
680,8
680,3
680,9
680,4
681,7
681,0
681,3
681,8
682,8
682,7
682,6
682,7
682,1
682,8
682,0
682,2
682,0
683,5
683,9
683,9
683,5
683,9
684,1
684,0
684,9
684,1
684,9
684,2
684,4
685,6
685,8
686,6
686,0
686,6
686,1
686,2
686,5
686,8
686,4
686,0
686,5
686,0
686,2
686,0
686,0
686,6
687,9
687,5
687,3
687,0
687,4
687,5
687,7
687,6
687,2
688,9
688,4
688,0
688,4
688,2
688,2
688,1
688,3
688,8
688,8
688,3
688,0
688,2
688,4
688,4
689,4
689,8
689,0
689,4
689,4
689,2
689,6
689,3
690,2
690,4
690,5
690,0
690,0
690,4
690,4
690,5
691,6
691,8
691,0
691,5
691,9
691,7
691,7
692,3
692,6
692,5
692,7
692,2
693,5
693,5
693,4
693,4
693,6
693,8
693,4
693,4
693,1
693,5
693,8
693,8
693,5
693,9
693,4
694,8
694,4
694,3
694,9
694,3
694,2
694,2
694,7
694,0
694,1
694,6
694,7
694,2
694,8
694,2
694,4
694,4
694,5
694,6
694,0
694,1
694,0
694,4
694,3
694,5
694,5
694,9
694,8
694,0
694,0
694,9
694,2
694,6
694,0
694,6
694,6
695,2
695,0
695,0
695,1
695,8
695,3
696,7
696,6
696,0
697,3
697,0
697,8
697,0
697,4
697,1
697,2
697,1
697,9
697,2
697,2
697,9
697,5
697,9
697,4
697,6
697,7
697,6
697,6
697,0
697,0
697,8
697,4
697,8
697,1
697,7
697,6
697,0
698,7
698,7
698,4
698,3
698,3
698,8
698,0
698,8
699,8
699,3
699,7
699,0
699,0
699,3
699,8
699,0
699,9
700,8
700,1
701,2
701,1
701,8
701,4
701,3
701,4
701,3
701,6
701,5
701,8
701,1
701,6
701,6
702,6
702,3
702,3
702,6
702,7
702,5
702,4
702,3
702,9
702,4
702,2
702,5
702,1
702,7
702,1
702,0
702,6
702,0
702,6
702,3
703,3
703,8
703,3
704,0
704,5
704,2
704,8
704,8
704,6
704,0
705,0
705,6
705,4
705,9
705,8
705,2
705,3
705,3
705,8
706,8
706,0
706,2
707,0
707,1
707,4
707,5
707,2
707,0
707,4
707,3
707,9
708,8
708,0
708,9
708,7
708,6
708,5
708,7
708,8
709,1
709,8
709,8
709,4
709,2
709,4
709,2
709,5
709,4
709,8
709,0
709,7
709,4
709,8
709,0
709,0
709,5
709,3
709,6
709,0
709,6
710,7
710,9
710,7
710,8
710,5
710,0
711,0
711,7
711,7
711,9
711,7
711,6
712,3
712,8
712,0
712,2
712,1
712,7
713,7
714,8
714,1
714,4
714,2
714,4
714,6
714,1
714,8
714,9
714,6
714,2
715,5
715,1
715,2
715,7
715,6
715,2
715,9
716,4
716,1
716,9
716,6
716,3
716,8
716,1
716,1
716,7
716,3
716,8
716,0
716,4
716,7
716,3
716,0
716,0
716,3
716,6
716,3
716,7
717,7
717,6
717,9
717,7
717,0
717,8
717,8
717,1
717,4
717,0
717,4
717,4
717,2
717,0
717,6
717,2
717,0
717,5
717,7
717,2
717,5
717,0
717,6
717,5
717,3
717,2
717,0
717,1
717,6
717,7
717,0
718,9
718,8
718,0
718,4
718,0
718,3
719,8
719,3
719,0
719,9
720,4
720,5
720,2
720,4
720,9
721,1
721,3
721,5
721,6
721,7
721,2
721,9
721,1
721,4
721,2
721,9
721,6
721,6
721,2
721,1
722,3
722,9
722,7
722,6
722,1
722,0
722,4
722,6
722,8
722,6
722,4
722,1
723,6
723,2
723,0
723,3
724,8
724,8
724,0
725,2
725,1
725,0
725,6
725,9
725,1
725,9
725,5
725,0
725,0
726,7
726,2
726,6
726,8
726,0
727,0
727,2
727,9
727,2
727,2
728,9
728,3
728,8
728,0
728,6
728,4
728,1
728,2
728,6
728,0
728,3
728,5
728,0
728,4
728,7
729,4
729,2
729,2
729,3
730,0
730,3
730,6
730,3
730,0
730,2
730,5
730,7
730,5
730,5
731,5
731,6
731,0
731,8
731,3
731,1
731,1
731,5
731,8
731,0
731,3
731,2
731,4
731,9
731,0
731,7
731,3
731,5
731,3
731,7
731,0
731,2
731,7
731,8
731,8
731,7
731,0
732,9
732,4
732,0
732,5
732,7
732,9
732,5
732,8
732,3
732,5
732,4
732,7
732,7
732,8
732,6
732,1
732,1
732,8
732,5
732,8
732,3
732,5
732,2
732,7
732,3
732,5
732,2
733,8
733,2
733,6
733,9
733,6
733,3
733,6
733,6
733,5
733,2
733,5
733,7
733,0
733,8
733,6
733,1
733,4
733,0
733,8
733,6
733,7
734,6
734,5
734,4
734,2
734,8
734,6
734,3
734,2
734,0
734,5
734,7
734,0
734,4
734,0
734,0
735,9
735,0
735,6
735,4
735,7
735,6
735,9
735,5
735,8
735,2
735,0
735,8
735,7
735,6
735,2
735,1
735,4
735,1
735,2
735,9
735,7
735,2
735,1
735,7
735,6
736,9
737,8
737,1
737,2
737,2
737,2
737,2
737,2
737,6
737,5
737,3
737,3
737,5
738,7
738,4
738,2
739,3
739,4
739,0
739,6
739,7
739,1
739,7
739,9
739,2
739,3
739,8
739,6
739,0
739,3
739,3
739,7
739,7
739,0
739,0
739,8
739,5
739,8
739,0
739,6
739,3
739,0
739,7
739,8
739,1
739,1
739,8
739,7
739,7
739,3
739,0
739,4
739,0
739,0
740,9
740,2
740,6
740,3
740,7
740,1
740,8
740,8
740,4
740,0
740,9
740,4
740,0
740,6
740,7
741,7
741,8
741,8
741,3
741,0
741,7
741,8
741,6
741,6
741,0
741,2
741,2
741,6
741,5
741,0
741,4
741,3
741,6
741,4
741,9
741,4
741,2
741,2
741,5
741,2
741,8
741,6
741,2
741,3
741,1
741,7
741,1
741,4
741,3
741,1
741,9
741,7
741,9
741,7
741,6
741,4
741,5
741,0
742,5
742,6
742,6
743,8
743,1
743,4
743,5
743,3
743,3
743,9
744,6
744,1
744,8
744,5
744,7
744,3
744,2
744,6
744,4
744,9
744,3
744,8
744,4
744,1
744,3
745,7
745,8
745,2
745,7
745,4
745,6
745,8
745,1
745,2
745,1
745,3
745,3
745,2
745,5
745,2
745,8
745,4
745,0
745,2
745,4
745,4
745,4
745,3
745,5
745,5
745,6
745,8
745,4
745,7
745,0
745,5
746,9
746,9
746,8
746,0
746,0
746,4
746,7
746,6
746,8
746,9
746,0
746,8
746,3
746,8
746,4
747,1
747,2
747,9
747,6
747,7
747,4
747,2
747,4
747,9
747,1
747,0
747,2
747,5
747,8
747,2
747,2
747,4
747,8
747,8
747,4
747,9
747,1
747,3
747,1
747,0
747,6
747,2
747,6
747,8
747,4
747,1
747,4
747,0
747,3
747,6
747,2
748,6
748,2
748,4
748,8
748,9
748,1
748,7
748,9
748,6
748,6
748,5
748,0
748,6
748,9
748,8
748,6
748,0
748,4
748,7
748,1
749,1
749,2
749,7
749,3
750,5
751,4
752,5
752,6
752,7
752,0
752,3
752,2
752,9
752,8
752,6
753,5
753,3
753,4
753,6
753,2
753,9
753,5
753,4
753,2
753,8
753,8
753,4
753,3
753,7
753,9
753,0
753,3
753,0
753,4
753,1
753,6
753,5
753,0
753,0
753,1
753,2
753,2
753,2
753,8
753,6
753,0
753,6
753,0
753,4
753,3
753,7
753,4
753,9
753,3
753,7
754,2
755,4
755,5
756,4
756,0
756,8
756,8
756,5
756,8
756,1
757,3
757,4
757,2
757,4
758,4
758,8
758,0
759,0
759,3
759,7
759,0
760,7
760,8
760,1
760,4
761,7
761,3
761,6
761,2
761,7
761,7
761,5
762,2
762,8
762,8
762,5
762,2
763,6
763,0
763,9
763,0
764,4
764,8
764,7
764,4
764,9
764,4
764,5
764,0
764,8
764,5
764,4
764,0
764,5
765,6
765,6
765,9
765,2
765,4
765,0
765,3
765,5
765,6
765,6
765,8
765,5
765,2
765,2
766,3
766,3
766,3
766,2
766,0
766,2
766,4
766,3
766,6
766,1
766,9
766,7
766,0
766,4
766,0
766,4
766,7
766,1
766,6
766,0
766,9
766,3
766,5
766,4
766,5
766,7
766,4
766,9
766,6
766,0
766,2
766,4
766,1
766,2
766,3
766,5
766,3
766,1
766,1
766,5
767,7
767,3
767,1
767,0
767,9
767,1
767,7
767,4
767,1
767,3
767,2
767,8
767,1
767,5
767,7
767,4
767,1
767,5
767,3
767,5
768,3
768,4
768,5
768,7
768,7
768,5
768,9
768,4
769,4
769,9
769,0
769,6
769,8
769,1
769,2
769,0
769,8
769,8
769,7
769,6
769,9
769,7
769,4
770,7
770,7
770,4
770,2
770,4
770,5
770,0
770,7
770,5
770,6
770,3
770,9
770,4
770,5
770,7
770,3
770,1
770,3
770,6
770,0
770,0
770,3
770,6
770,5
770,9
770,4
770,0
770,5
770,1
770,1
770,8
770,5
770,8
770,6
770,1
770,0
771,8
771,4
771,0
771,5
771,4
771,8
771,6
771,4
772,4
772,3
772,1
772,7
772,6
773,8
773,3
773,1
773,9
774,4
774,2
774,6
774,4
774,8
774,3
774,4
774,0
774,5
774,2
774,6
774,3
774,8
774,2
775,7
775,4
775,4
775,9
775,0
775,0
776,7
776,3
776,8
777,1
777,3
777,2
777,6
777,7
777,5
777,7
777,2
777,5
777,1
778,4
778,5
779,1
780,3
780,1
780,1
780,4
780,6
780,1
780,9
781,1
781,2
781,3
781,3
781,7
781,7
781,2
781,4
781,2
781,3
781,6
781,8
781,9
781,7
781,0
781,4
781,8
781,8
781,3
781,1
781,4
781,0
781,0
782,1
782,6
782,5
782,9
782,0
782,0
782,0
783,7
783,0
783,3
783,1
783,6
783,4
783,8
783,0
783,9
783,6
783,2
783,2
783,5
783,8
783,7
783,7
783,3
783,7
783,4
783,3
783,4
783,1
783,3
783,5
783,6
783,3
783,4
783,2
783,8
783,6
784,3
784,6
784,6
784,3
784,1
784,0
784,4
784,2
784,7
784,5
784,3
784,8
784,2
784,4
784,3
784,4
784,1
784,1
784,5
784,6
784,2
784,8
784,7
784,6
784,2
784,9
784,2
784,4
784,7
784,0
784,8
784,1
784,3
785,9
785,6
785,0
785,3
785,5
785,1
785,7
785,1
785,2
786,1
786,2
786,1
786,8
787,7
787,6
787,6
787,4
787,2
787,4
787,5
788,7
788,6
788,4
789,4
789,6
789,5
790,2
790,5
790,0
790,5
790,2
790,6
790,0
790,3
790,7
790,4
790,2
790,4
790,7
790,0
790,6
790,3
790,0
790,3
790,1
790,0
790,1
790,3
790,1
790,0
791,5
791,1
791,1
791,6
791,0
791,8
791,0
791,1
792,6
792,4
792,3
792,0
792,9
792,5
792,7
792,5
792,6
793,9
793,4
793,4
793,4
793,0
793,2
793,4
793,6
793,0
793,3
793,3
793,3
793,1
793,0
793,3
793,2
793,4
793,2
793,1
793,1
794,4
794,4
794,5
794,2
794,2
794,6
794,4
794,5
794,5
794,9
794,2
794,1
794,8
794,0
794,5
794,0
794,4
794,6
794,6
794,3
795,3
795,9
795,7
795,9
795,4
795,7
795,4
795,9
796,4
796,9
796,4
796,1
796,0
796,6
796,8
796,9
796,1
796,1
796,3
796,1
796,1
796,4
796,6
797,5
797,7
797,6
797,0
797,4
797,5
797,8
797,7
797,8
797,1
797,7
797,8
797,1
797,3
797,3
797,7
797,1
797,8
797,2
797,8
797,6
797,5
797,2
797,3
797,6
798,4
798,3
798,6
798,0
798,1
798,0
798,8
798,5
798,2
798,8
798,5
798,0
798,0
798,5
798,7
798,2
798,6
798,3
798,4
798,2
798,4
798,5
798,8
799,7
799,2
799,0
799,3
799,6
799,8
799,9
799,3
799,2
799,9
800,4
801,4
801,0
801,3
801,1
801,7
801,1
801,0
801,6
801,2
801,7
801,8
801,5
801,0
801,5
801,2
802,7
802,1
802,3
802,1
802,0
802,0
802,4
802,9
802,1
802,3
802,8
802,7
802,5
802,5
802,0
802,3
802,2
802,1
802,2
802,8
802,5
802,7
802,7
802,3
802,4
803,5
803,1
803,2
803,6
803,6
803,9
803,9
803,1
803,1
803,1
803,1
803,5
803,5
803,3
803,2
803,7
803,2
803,4
803,7
804,4
804,5
804,4
804,1
804,4
804,3
804,3
804,3
804,0
804,7
804,8
804,8
804,1
804,6
804,4
804,8
804,6
805,3
805,2
805,3
805,6
805,0
806,4
806,1
806,1
807,4
807,6
807,7
808,1
808,2
808,3
809,3
809,8
809,2
809,9
809,6
809,3
809,6
809,2
809,2
809,2
809,5
809,7
809,4
809,2
809,7
809,2
809,2
809,4
809,3
809,3
809,6
810,7
810,3
810,7
810,1
810,4
811,9
811,6
811,2
811,1
811,0
811,3
811,4
811,6
811,5
812,2
812,9
812,1
812,8
812,2
812,2
812,7
812,8
812,8
812,5
812,5
812,5
812,0
812,9
812,7
813,7
813,6
813,8
813,8
813,6
813,6
813,7
813,3
813,2
813,2
813,2
813,9
813,5
813,6
813,4
813,9
813,9
813,3
813,3
813,0
813,8
813,8
813,4
813,3
814,9
814,3
814,2
815,5
815,6
815,3
816,8
816,3
816,4
816,7
816,4
816,3
816,4
816,2
816,4
816,4
816,6
816,1
816,1
816,5
816,0
816,8
816,5
816,0
816,1
816,1
816,8
816,9
816,9
816,0
816,8
816,8
816,3
816,0
816,8
816,1
816,2
816,0
816,1
816,7
816,8
816,8
816,4
816,6
817,8
817,1
817,6
817,1
817,9
817,4
817,5
817,1
817,5
818,0
818,1
819,0
819,3
819,6
819,3
819,6
819,7
819,6
819,7
820,3
820,0
820,7
820,0
820,6
821,8
821,3
821,0
821,5
822,0
822,2
822,6
822,1
822,1
822,4
822,0
822,5
822,1
822,6
822,0
822,5
822,8
822,2
822,4
822,3
822,0
822,4
822,0
823,5
823,1
823,4
823,4
823,4
823,3
823,4
823,2
823,3
823,7
823,2
823,1
823,0
823,4
823,5
823,0
824,9
824,9
824,0
824,1
824,5
824,2
824,3
824,5
824,6
824,2
824,8
824,7
824,5
824,2
824,6
824,3
824,5
824,4
824,1
824,0
824,7
824,0
824,5
824,7
824,5
824,2
824,4
824,0
824,4
824,2
824,6
824,2
825,7
825,8
825,9
825,5
825,1
825,0
826,1
826,2
826,5
826,0
826,8
826,6
826,8
826,6
826,2
826,6
827,1
828,4
828,2
828,1
828,6
828,2
828,7
828,8
828,8
828,8
828,6
828,2
828,1
828,1
828,4
828,6
829,6
829,5
829,6
829,5
829,2
829,8
830,1
830,0
830,8
830,0
830,3
830,9
830,3
830,0
830,7
830,7
830,5
830,7
830,0
830,1
830,0
831,6
831,3
831,4
831,3
831,5
831,1
831,7
831,9
831,7
831,4
831,9
831,6
831,2
831,5
831,1
831,5
831,3
831,2
831,4
831,0
832,3
832,2
832,1
832,9
832,5
832,6
832,4
832,3
832,2
833,9
834,8
834,3
834,1
834,4
834,4
834,4
834,4
834,6
834,9
834,3
834,7
834,4
834,7
834,7
834,5
834,5
834,8
834,8
834,5
834,0
834,6
834,8
834,3
834,1
834,9
834,8
834,0
834,7
834,7
834,2
835,5
835,9
835,8
835,4
835,6
835,8
835,0
835,7
835,2
835,7
835,9
835,9
835,3
835,9
835,5
835,7
835,6
835,8
835,6
835,6
835,6
835,0
835,2
835,0
835,2
835,7
835,5
835,6
835,7
835,1
835,5
835,8
835,4
836,0
836,3
836,5
836,9
836,3
836,2
837,4
837,4
837,1
837,5
837,6
837,5
837,8
837,4
837,5
837,5
837,6
837,8
837,1
837,9
837,0
837,5
837,7
837,2
837,5
837,7
837,5
837,6
837,1
837,1
837,9
838,2
838,9
838,8
838,4
838,5
838,9
838,6
838,1
838,4
839,0
839,9
839,0
839,8
839,8
839,6
839,6
839,0
840,0
840,0
840,3
840,1
840,1
840,8
840,2
840,5
840,7
840,8
841,7
841,6
841,5
841,2
841,7
841,6
842,7
842,7
842,6
842,4
842,6
843,9
843,1
843,6
843,7
843,8
843,2
843,9
843,8
843,5
843,6
843,7
843,6
843,7
843,1
843,9
844,6
844,1
844,6
844,8
844,5
844,2
844,6
845,1
845,8
845,1
845,7
845,6
845,0
845,3
845,2
845,5
845,8
845,1
845,5
845,4
845,7
845,4
845,0
845,5
846,1
846,8
846,6
846,5
846,2
846,6
846,7
846,0
846,9
846,2
846,1
846,2
846,5
846,6
847,2
848,1
848,3
848,8
848,0
848,1
848,1
848,0
848,3
848,4
848,4
848,4
848,3
848,0
848,2
848,7
848,9
848,8
848,5
848,6
849,5
849,5
849,4
849,4
849,2
849,8
849,1
849,8
849,6
849,0
849,2
849,2
849,6
849,3
849,1
849,4
849,3
849,6
849,0
850,1
850,3
850,0
850,4
850,6
850,6
850,6
850,8
850,3
850,8
850,4
850,2
850,4
850,1
850,4
850,3
850,5
850,9
850,2
850,2
850,7
850,6
850,4
850,0
850,7
850,8
850,3
850,1
851,0
851,4
851,7
851,3
851,2
851,1
851,1
851,7
851,5
851,3
851,3
851,2
851,1
851,0
852,9
852,3
853,0
853,4
853,7
853,4
853,2
854,6
854,6
854,3
854,0
854,7
854,7
854,5
854,4
854,8
854,3
854,9
854,4
854,2
854,5
854,6
854,9
854,6
855,3
855,7
855,6
855,5
855,2
855,5
855,6
855,4
855,4
855,6
856,2
856,6
856,3
856,4
856,8
856,1
856,0
856,3
856,4
856,7
857,2
857,0
857,5
857,2
857,8
857,4
857,1
857,9
857,1
857,0
857,7
857,8
857,7
857,4
857,9
857,2
857,5
857,9
857,7
857,7
857,8
857,3
857,7
857,7
857,1
857,1
857,0
857,0
857,7
857,5
857,7
857,5
857,8
857,2
858,6
858,1
858,0
858,1
858,5
858,6
858,6
858,0
858,4
858,1
858,0
858,7
858,8
858,6
858,1
859,5
859,4
859,3
859,9
859,9
859,7
859,4
860,3
860,6
860,5
861,9
861,7
861,9
861,2
861,5
862,2
862,6
862,3
862,1
863,1
863,2
863,6
863,2
863,4
863,4
863,8
863,5
863,8
863,4
863,3
863,7
863,3
863,3
863,3
863,0
863,5
863,5
863,3
863,9
864,1
864,3
864,5
864,2
864,0
864,4
864,5
864,2
864,7
864,0
864,5
864,9
864,1
864,5
864,1
865,1
865,1
866,1
866,6
866,9
866,6
866,4
866,9
866,8
866,9
866,8
866,9
866,8
866,1
866,1
866,7
866,7
866,1
867,3
867,7
867,8
867,2
867,2
867,6
867,8
867,9
867,7
867,5
867,0
867,0
867,4
867,4
867,5
867,4
867,5
867,9
867,1
867,9
868,6
868,4
868,6
868,7
868,0
868,8
868,9
868,5
869,5
869,4
869,1
869,2
869,3
869,6
870,4
870,8
870,7
870,7
870,5
870,1
870,6
870,6
870,5
870,2
870,4
870,0
870,8
870,7
871,3
871,4
871,5
871,9
871,0
871,6
871,2
871,0
872,9
872,5
872,9
872,1
872,2
872,1
872,5
872,0
872,2
872,8
872,6
872,9
872,2
872,8
872,4
873,6
873,3
873,1
873,2
873,2
873,1
873,0
873,7
873,7
874,8
874,2
874,7
874,4
874,6
875,0
875,5
875,9
875,5
875,8
875,6
875,8
875,4
875,8
875,3
875,2
875,4
875,0
876,6
876,8
876,8
876,3
876,8
876,2
876,1
876,1
876,5
876,2
877,6
877,0
877,7
877,2
877,5
877,1
877,2
877,6
877,8
877,2
877,4
877,4
877,9
877,9
877,5
877,1
877,9
877,7
877,4
877,0
877,6
877,6
877,1
877,0
877,5
878,1
878,0
878,4
878,1
878,5
878,2
878,6
878,1
878,4
878,4
878,3
878,2
878,1
878,6
878,8
878,7
878,6
878,2
878,4
878,1
878,9
878,4
878,1
878,6
878,1
878,9
878,7
878,7
878,5
878,8
878,5
879,4
879,4
879,8
880,1
880,4
880,4
880,7
880,9
881,6
881,7
881,0
882,4
882,0
882,1
882,2
882,6
882,0
883,4
883,0
884,0
884,8
884,9
884,6
884,7
884,6
884,1
884,1
884,6
884,8
884,7
884,9
884,4
884,4
884,6
884,6
884,6
884,2
885,5
885,0
886,6
886,7
886,8
886,7
886,3
886,0
886,8
886,8
886,4
886,8
886,8
886,3
886,7
886,1
886,0
886,1
886,0
886,0
886,0
886,1
887,3
888,6
888,0
888,9
888,2
888,3
888,2
888,1
888,2
888,1
888,2
888,1
888,7
888,5
888,4
888,7
888,0
888,2
888,3
888,6
888,2
889,5
889,8
889,7
890,5
890,7
890,2
890,9
890,2
890,8
891,1
891,8
891,9
891,7
891,7
891,2
891,1
891,3
891,1
891,1
891,0
891,2
891,2
891,1
891,5
891,1
891,6
891,8
891,6
891,0
891,3
891,1
891,8
891,6
891,4
891,5
891,7
891,7
891,2
891,0
891,7
891,4
891,0
891,8
891,7
891,0
891,0
891,2
892,2
892,2
892,1
892,3
892,2
892,1
892,2
892,2
892,5
892,8
892,6
892,3
892,2
892,0
892,6
892,0
892,1
892,8
892,8
892,7
892,4
892,9
892,0
892,7
892,1
892,3
892,8
892,6
892,5
892,5
893,5
893,2
893,0
893,4
893,3
893,4
893,3
893,5
893,0
893,7
893,1
893,3
893,2
893,4
893,4
893,0
893,6
893,2
893,9
893,9
893,4
894,4
894,2
894,9
894,5
894,6
894,5
894,1
894,3
894,7
894,7
894,6
894,7
894,3
894,8
894,8
894,8
894,9
894,5
894,0
894,5
894,1
894,8
894,0
894,2
894,6
894,0
894,2
894,1
894,5
894,8
895,7
895,0
895,3
895,9
895,7
895,3
895,8
895,5
895,5
895,7
895,1
895,4
895,5
895,7
896,1
896,0
896,7
896,2
896,3
896,8
896,0
896,0
896,8
896,2
896,6
896,5
897,0
897,8
897,5
897,9
897,6
897,1
897,2
897,6
897,6
897,2
898,1
898,7
898,0
898,0
899,3
899,0
899,8
899,8
900,8
900,5
900,0
900,0
900,1
900,4
900,1
901,5
901,2
901,6
901,6
901,0
901,4
901,0
901,0
901,7
901,0
901,5
901,1
901,4
901,9
901,3
901,0
901,3
901,1
901,1
901,4
901,8
901,3
901,1
901,2
901,2
901,1
901,8
902,9
902,4
903,2
903,0
903,0
903,2
903,3
903,8
903,7
903,0
903,9
904,2
904,9
904,7
904,5
904,7
904,8
905,0
905,9
905,2
906,8
906,6
906,6
906,6
906,3
906,7
906,9
906,4
907,0
907,1
907,5
907,4
907,3
907,2
907,2
907,0
907,7
907,6
907,3
907,5
907,9
907,7
907,1
907,7
907,3
907,2
907,8
907,1
907,8
907,6
907,7
907,0
907,5
907,0
907,5
907,5
908,7
908,7
908,4
908,5
908,5
908,2
909,9
909,0
909,7
910,8
910,6
911,9
911,2
911,8
912,1
912,6
912,6
912,8
912,8
912,9
912,3
912,8
912,9
912,1
912,2
912,1
912,4
912,1
912,6
912,4
912,4
912,4
912,8
912,0
913,7
913,7
913,3
913,0
913,3
913,7
913,7
913,9
914,2
914,5
915,5
915,6
915,0
915,2
916,3
916,1
916,2
916,6
916,3
916,3
916,9
916,3
916,2
917,0
918,1
918,5
918,6
918,8
918,2
918,2
918,8
918,5
918,2
918,6
918,8
918,6
918,6
918,4
918,8
918,2
918,6
919,2
919,3
919,9
919,0
919,6
919,9
919,5
919,0
919,8
919,7
919,7
919,0
919,8
919,7
919,3
919,0
919,2
919,1
920,3
920,8
920,8
920,7
920,4
920,1
920,3
920,1
921,9
921,6
921,6
921,1
921,9
921,3
921,2
921,2
921,5
921,2
921,8
921,7
921,4
921,5
921,0
921,5
921,1
921,0
921,2
921,1
921,0
921,4
921,8
921,0
921,0
921,1
921,5
921,0
921,1
921,2
921,5
921,5
921,0
921,1
921,3
921,2
921,4
921,4
921,4
921,7
921,2
921,8
921,6
921,6
922,0
922,5
922,8
922,8
922,5
922,3
922,4
922,6
922,8
922,3
922,8
922,7
922,0
922,9
922,8
922,9
922,8
922,1
922,1
922,4
922,2
922,3
922,1
922,7
922,7
922,6
922,0
923,3
923,3
923,3
923,8
923,3
924,3
924,7
924,8
924,7
924,2
924,7
924,6
924,2
924,4
924,0
925,2
925,2
926,7
926,0
926,3
926,9
926,6
926,6
926,3
926,5
926,2
926,5
926,8
926,4
926,3
926,2
926,6
926,2
926,1
926,2
926,6
927,8
927,3
927,5
927,9
927,9
927,3
927,9
927,7
927,1
928,7
928,9
928,3
928,8
928,7
928,2
928,2
928,6
928,8
928,7
928,2
928,2
928,3
928,9
928,9
928,2
928,0
928,8
928,0
928,1
929,5
929,2
929,4
929,7
929,2
929,4
929,2
929,1
930,8
930,8
931,2
931,2
931,5
931,7
931,4
931,1
931,6
931,7
931,6
931,7
931,8
931,4
931,5
931,4
931,0
931,8
931,8
931,4
931,4
931,0
931,2
931,0
931,9
931,0
931,5
931,3
931,1
931,8
931,6
931,5
931,2
931,5
931,7
931,0
931,1
932,7
932,2
932,6
932,5
932,8
932,4
932,6
932,0
932,9
932,0
932,4
932,5
932,4
932,2
932,5
932,5
932,6
933,3
933,8
933,4
933,3
933,6
933,7
933,4
933,2
933,7
933,6
934,8
934,2
934,2
934,1
934,2
934,1
935,9
935,2
935,3
935,6
935,4
935,1
935,8
935,2
935,7
935,2
936,5
936,8
936,1
936,2
936,6
936,6
936,6
936,1
936,6
936,0
936,2
936,5
936,8
936,5
937,1
937,8
937,3
937,1
937,4
937,8
937,4
937,7
937,5
937,7
937,3
937,5
937,6
937,6
938,2
938,3
938,6
938,2
938,4
938,3
938,8
938,4
938,7
938,5
939,7
940,0
940,8
940,5
940,9
940,1
940,5
940,2
940,5
940,4
940,0
940,8
940,4
940,2
940,7
940,7
940,8
940,9
940,7
940,4
940,0
941,1
941,4
941,5
941,5
941,7
941,0
941,8
941,8
941,7
941,1
941,8
941,7
941,2
941,7
941,7
941,2
941,0
941,7
941,1
941,6
941,1
941,5
941,5
941,5
941,2
941,6
941,6
941,9
941,3
941,7
941,6
941,5
941,6
941,3
941,6
942,1
942,6
943,7
943,1
943,5
943,0
943,2
943,1
944,7
944,5
944,4
944,1
944,8
945,5
945,8
945,3
945,3
946,3
947,5
947,9
947,9
948,5
948,0
949,6
949,4
949,3
949,0
949,9
949,6
949,4
949,8
949,8
950,1
950,1
950,2
950,3
950,4
950,6
950,4
950,5
950,8
950,0
950,9
950,4
950,5
950,3
950,2
950,1
950,0
950,5
950,1
950,1
950,2
950,6
950,5
950,6
950,2
950,9
950,6
950,5
950,7
950,7
951,8
951,0
951,3
951,3
952,0
952,1
952,2
952,8
952,6
952,5
953,6
953,6
953,0
953,2
953,4
953,3
953,0
953,5
953,5
953,8
954,5
954,0
954,2
954,8
954,3
954,2
954,1
954,1
954,6
954,6
954,9
954,6
954,4
954,3
954,7
954,6
955,8
955,0
955,1
955,0
955,5
955,9
955,6
955,0
955,3
955,3
955,2
955,8
955,1
956,3
956,6
956,8
956,0
956,6
956,1
956,4
956,1
956,0
957,6
957,3
957,9
957,5
958,7
959,7
959,2
960,5
960,8
960,3
960,1
960,7
960,6
960,1
960,9
960,8
960,5
960,5
960,9
960,7
960,9
960,0
960,5
960,5
960,6
960,7
960,2
960,5
960,5
960,7
960,3
960,0
960,1
961,4
961,4
961,7
961,7
962,9
962,7
962,5
962,4
962,9
962,9
962,3
962,0
962,2
962,7
962,5
962,2
962,4
962,0
962,6
962,6
963,3
963,3
963,2
963,6
963,8
963,7
963,6
963,5
963,4
964,7
964,1
964,1
964,1
964,8
964,8
964,9
964,1
964,3
964,4
964,6
964,4
964,8
964,5
964,2
964,0
964,7
964,5
964,2
964,0
964,4
964,2
964,8
964,1
964,5
965,4
965,8
965,4
965,2
965,1
966,3
966,3
966,8
966,5
966,5
966,2
966,2
966,3
966,1
966,9
966,0
967,8
967,7
967,5
967,7
967,2
967,2
968,6
969,2
969,0
969,6
969,9
969,9
969,9
969,3
969,0
969,3
969,4
969,8
969,1
969,9
969,4
970,7
970,5
970,0
970,4
970,2
970,2
970,2
970,8
970,6
971,3
971,7
971,8
971,1
971,6
971,2
971,1
971,8
972,2
972,7
972,1
973,5
973,8
973,2
973,6
973,2
973,3
973,8
973,5
973,3
973,0
973,5
973,3
973,4
973,8
973,2
973,7
973,8
973,7
973,3
973,3
974,6
974,2
974,1
974,6
974,0
974,2
974,1
974,5
974,8
974,1
974,5
974,6
974,2
974,6
974,2
974,0
974,3
974,8
974,0
974,9
974,6
974,7
974,4
974,1
974,4
974,5
974,7
974,4
974,6
974,7
974,8
974,2
975,9
975,7
975,2
975,9
975,6
975,9
975,7
975,5
975,2
975,6
975,0
975,3
975,3
975,1
975,8
975,2
975,2
975,2
975,5
975,1
975,6
976,8
976,6
976,4
976,4
976,5
977,7
977,2
977,7
977,7
977,5
977,8
977,4
977,2
977,3
977,8
977,3
978,8
978,6
978,5
978,0
978,1
978,8
979,6
979,1
979,2
979,3
979,5
979,1
979,3
979,5
979,4
979,8
980,3
980,8
980,2
980,2
980,3
980,7
980,7
980,1
980,0
981,6
982,6
982,0
982,9
982,2
982,0
982,6
982,3
982,0
982,0
983,7
983,2
983,7
983,2
983,3
983,4
983,5
983,8
984,3
985,2
985,1
985,8
985,0
986,5
986,9
986,0
986,2
986,2
986,2
986,8
986,3
987,1
987,1
987,5
987,9
987,8
987,0
987,5
987,2
988,6
988,7
988,5
988,5
989,5
990,8
990,1
990,1
990,6
990,2
990,4
990,1
990,8
990,3
991,0
991,9
991,9
991,8
991,3
991,2
991,2
991,5
991,6
991,1
991,5
991,0
991,6
991,9
991,9
991,1
991,0
991,6
991,7
991,4
991,3
991,2
991,3
991,7
991,0
991,3
991,7
991,0
991,6
991,1
991,3
991,0
992,6
992,4
992,0
992,3
992,5
993,0
993,4
994,4
994,0
994,4
994,2
994,9
994,4
994,2
994,0
994,7
995,5
995,4
995,2
995,2
995,1
995,8
996,6
996,6
996,3
996,7
996,2
996,9
996,4
996,2
996,9
996,3
997,3
997,6
998,9
998,4
998,2
998,7
998,1
998,1
998,0
998,4
998,4
998,2
998,4
998,2
998,5
998,0
998,7
998,8
998,4
998,6
998,4
998,2
998,5
998,5
998,7
998,8
998,1
998,8
998,9
998,3
998,7
998,8
998,5
998,1
998,2
998,3
998,0
998,4
998,4
998,4
998,7
998,3
998,5
998,1
998,5
998,7
998,3
998,1
998,4
998,6
998,1
998,3
999,8
999,6
999,0
999,6
999,1
999,6
999,5
999,2
999,2
999,5
999,2
