Tipo,Valor Original,Nuevo,Antigüedad,Beneficiados,Devaluación,Valor Actual,Valor en 5 años
ESCRITORIO,6540.85,1,3,17,0.248,4917.47,2596.79
ESCRITORIO,5692.54,1,1,13,0.112,5270.43,2917.46
ESCRITORIO,6102.13,1,2,13,0.1719,5192.43,3040.03
ESCRITORIO,6440.63,1,2,11,0.164,5635.51,2971.8
ESCRITORIO,5874.76,1,2,10,0.16,5077.57,2661.88
ESCRITORIO,6860.99,1,4,28,0.352,4348.53,2374.63
ESCRITORIO,7024.34,1,3,6,0.2039,5437.82,2826.68
ESCRITORIO,5202.33,1,1,9,0.096,4948.4,2500.02
ESCRITORIO,6316.61,1,1,6,0.0839,5660.94,2946.7
ESCRITORIO,6714.12,0,5,27,0.408,3919.75,1968.74
ESCRITORIO,6057.02,0,4,28,0.352,4187.0,2143.92
ESCRITORIO,5601.4,1,1,8,0.092,5178.05,2612.13
ESCRITORIO,6301.85,0,4,24,0.3359,4389.18,2490.7
ESCRITORIO,6305.65,0,2,17,0.188,5223.7,2562.61
ESCRITORIO,6668.18,1,4,7,0.268,4845.1,2586.98
ESCRITORIO,6355.07,1,3,15,0.24,5116.66,2600.99
ESCRITORIO,6080.38,0,1,5,0.08,5854.65,2931.72
ESCRITORIO,6887.97,0,4,25,0.3399,4459.67,2184.35
ESCRITORIO,5841.85,1,0,8,0.032,5892.75,2936.25
ESCRITORIO,5861.77,1,1,11,0.104,5259.36,2917.17
ESCRITORIO,5223.64,1,1,7,0.088,4674.37,2686.55
ESCRITORIO,6891.07,1,1,8,0.092,6017.65,3017.68
ESCRITORIO,5913.2,1,0,6,0.024,5589.64,2619.2
ESCRITORIO,5811.26,0,3,11,0.224,4795.74,2367.58
IMPRESORA PASILLO,71640.77,1,2,36,0.264,54252.98,28550.32
IMPRESORA PASILLO,62223.74,1,2,45,0.3,41675.12,20325.06
ESCRITORIO,4737.74,1,0,8,0.032,4651.52,2470.08
ESCRITORIO,4690.78,0,2,7,0.148,3843.27,2299.43
ESCRITORIO,5989.83,1,1,5,0.08,5238.72,2688.73
ESCRITORIO,4651.93,1,1,10,0.1,4331.01,2397.48
ESCRITORIO,5592.74,1,0,9,0.036,5609.64,2948.31
ESCRITORIO,5984.75,0,2,18,0.192,4566.99,2391.04
ESCRITORIO,4639.66,1,3,24,0.276,3453.42,1788.67
ESCRITORIO,6321.05,1,3,9,0.216,4858.61,2754.56
ESCRITORIO,5975.3,0,1,10,0.1,5126.43,2505.63
ESCRITORIO,5301.67,0,6,15,0.42,3114.97,1782.1
ESCRITORIO,4905.44,1,3,23,0.272,3705.6,1808.86
ESCRITORIO,5751.68,1,4,25,0.3399,3817.28,2102.72
ESCRITORIO,5892.09,1,3,15,0.24,4191.91,2411.49
ESCRITORIO,5816.77,1,1,5,0.08,5069.24,2714.4
ESCRITORIO,5193.88,1,0,6,0.024,4903.36,2358.47
ESCRITORIO,6517.79,1,2,16,0.184,5389.19,2762.0
ESCRITORIO,5207.3,0,2,12,0.1679,4197.41,2305.26
ESCRITORIO,5504.93,1,1,9,0.096,5080.51,2593.0
ESCRITORIO,6401.08,1,2,17,0.188,5244.32,2671.27
ESCRITORIO,6519.02,1,2,6,0.144,5560.86,2992.73
ESCRITORIO,5299.28,1,2,12,0.1679,4167.82,2267.06
ESCRITORIO,6278.42,1,2,15,0.18,5306.53,2580.04
ESCRITORIO,6300.58,1,3,22,0.268,4788.05,2271.44
ESCRITORIO,6294.79,1,1,12,0.108,5810.82,3199.05
ESCRITORIO,6908.24,1,4,28,0.352,4270.44,2187.49
ESCRITORIO,5805.72,1,0,7,0.028,5674.02,2989.1
ESCRITORIO,5467.22,1,1,6,0.0839,4745.62,2483.6
ESCRITORIO,4575.63,1,1,12,0.108,4138.84,2076.77
ESCRITORIO,5702.38,1,2,6,0.144,4932.43,2679.63
ESCRITORIO,5428.63,0,3,22,0.268,4028.61,2224.15
ESCRITORIO,4943.31,1,4,26,0.3439,3196.66,1671.07
ESCRITORIO,6505.32,0,5,26,0.404,3895.75,2078.37
ESCRITORIO,6934.58,0,4,27,0.3479,4844.49,2402.15
ESCRITORIO,6079.14,0,5,29,0.416,3268.93,1679.71
ESCRITORIO,5297.0,1,3,14,0.236,3875.08,1967.03
ESCRITORIO,4919.72,1,2,6,0.144,4345.91,2323.78
ESCRITORIO,5996.16,1,1,12,0.108,5558.03,2676.37
ESCRITORIO,6365.83,0,3,5,0.2,5019.1,2863.72
ESCRITORIO,6311.98,1,1,6,0.0839,5830.67,3023.56
ESCRITORIO,5311.19,0,3,16,0.244,3908.16,1988.39
ESCRITORIO,5169.03,1,1,14,0.116,4551.7,2354.77
ESCRITORIO,6500.56,1,0,6,0.024,6289.79,3070.63
ESCRITORIO,6055.74,1,0,9,0.036,5865.28,3185.27
ESCRITORIO,6496.79,1,2,6,0.144,5771.99,3476.8
ESCRITORIO,6512.73,0,3,6,0.2039,5340.05,3173.06
ESCRITORIO,5012.4,1,2,9,0.156,4242.37,2233.83
IMPRESORA PASILLO,68315.95,1,1,29,0.176,57380.13,29764.24
ESCRITORIO,5337.73,1,2,7,0.148,4776.84,2463.37
IMPRESORA PASILLO,76757.64,1,1,8,0.092,68498.07,34094.12
ESCRITORIO,6616.9,1,0,9,0.036,6167.56,3413.02
ESCRITORIO,6310.68,1,3,18,0.252,4613.64,2439.05
ESCRITORIO,6353.46,1,1,7,0.088,5776.33,2928.96
ESCRITORIO,6618.66,1,2,13,0.1719,5183.07,2900.27
ESCRITORIO,5812.12,1,2,17,0.188,4901.0,2711.02
ESCRITORIO,6255.05,0,2,6,0.144,5103.21,2676.03
ESCRITORIO,6669.68,1,3,8,0.212,5137.85,2936.34
ESCRITORIO,6007.5,0,4,9,0.2759,4345.06,2484.13
ESCRITORIO,6649.61,1,0,9,0.036,6140.85,2964.64
ESCRITORIO,5636.89,1,1,13,0.112,4869.38,2594.69
ESCRITORIO,6296.96,1,2,10,0.16,5082.24,2685.64
ESCRITORIO,5749.13,1,0,8,0.032,5702.83,2792.62
ESCRITORIO,7034.24,1,1,14,0.116,6258.6,3122.22
ESCRITORIO,5866.34,1,3,22,0.268,4413.77,2422.8
ESCRITORIO,6200.82,1,1,12,0.108,5272.02,2985.64
ESCRITORIO,4928.46,0,3,11,0.224,3661.14,2114.65
ESCRITORIO,6391.71,1,3,16,0.244,4707.98,2638.85
ESCRITORIO,5232.14,1,1,8,0.092,4700.89,2543.2
ESCRITORIO,6338.17,0,3,13,0.232,4754.86,2622.09
ESCRITORIO,5298.88,1,0,9,0.036,5330.58,2709.72
ESCRITORIO,5867.98,0,4,26,0.3439,3590.8,1849.35
ESCRITORIO,5848.3,1,2,14,0.176,4592.92,2340.49
ESCRITORIO,5923.43,0,6,19,0.436,3208.54,1584.18
ESCRITORIO,5977.99,1,1,12,0.108,5519.89,2714.33
ESCRITORIO,5810.17,0,2,6,0.144,5197.27,2887.62
ESCRITORIO,5714.8,0,1,10,0.1,4952.24,2448.37
ESCRITORIO,5602.26,1,2,17,0.188,4613.86,2496.94
ESCRITORIO,5149.71,0,3,11,0.224,4192.27,2326.79
ESCRITORIO,6249.63,0,6,31,0.484,3072.85,1524.34
ESCRITORIO,6020.54,1,2,17,0.188,4861.9,2696.93
IMPRESORA PASILLO,62616.38,1,6,121,0.844,10013.57,3181.41
ESCRITORIO,5741.59,1,1,12,0.108,5385.76,2754.89
ESCRITORIO,5266.75,1,2,19,0.196,4383.61,2545.26
ESCRITORIO,5623.42,1,3,24,0.276,3857.17,2014.2
ESCRITORIO,5938.54,1,3,6,0.2039,5002.36,2628.81
ESCRITORIO,5997.88,1,5,33,0.432,3149.65,1558.85
ESCRITORIO,6548.79,0,3,10,0.22,5209.34,2907.95
ESCRITORIO,6048.29,1,2,14,0.176,4693.4,2408.62
ESCRITORIO,6398.84,1,4,15,0.3,4501.74,2415.09
ESCRITORIO,4719.31,1,2,9,0.156,3831.6,2014.95
ESCRITORIO,6131.36,0,3,20,0.26,4243.46,2261.71
ESCRITORIO,6073.04,1,5,13,0.352,3930.26,2221.91
ESCRITORIO,5454.78,0,4,7,0.268,3809.47,2315.24
ESCRITORIO,5379.79,0,3,5,0.2,4379.76,2474.28
ESCRITORIO,6265.39,1,1,6,0.0839,5640.49,2998.37
ESCRITORIO,6459.04,1,0,6,0.024,6356.2,3334.72
ESCRITORIO,6112.0,1,2,7,0.148,5247.86,2985.28
ESCRITORIO,4985.59,0,4,9,0.2759,3691.48,1862.64
ESCRITORIO,6907.06,1,2,17,0.188,5344.77,2930.21
ESCRITORIO,5013.8,1,1,9,0.096,4309.73,2360.19
ESCRITORIO,6432.27,0,5,10,0.3399,4397.84,2214.65
ESCRITORIO,5802.72,1,3,9,0.216,4358.83,2387.69
ESCRITORIO,5412.0,1,5,22,0.388,3406.02,1753.9
ESCRITORIO,6057.96,1,0,5,0.02,5861.1,2878.3
ESCRITORIO,5867.68,1,1,6,0.0839,5303.43,2991.74
ESCRITORIO,5747.7,1,1,8,0.092,5108.86,2847.71
ESCRITORIO,7100.69,1,0,7,0.028,6818.28,3668.46
ESCRITORIO,6029.51,1,3,9,0.216,4657.72,2609.45
ESCRITORIO,6114.91,1,1,5,0.08,5852.0,3504.07
ESCRITORIO,6332.61,1,0,6,0.024,6141.21,3149.44
ESCRITORIO,6363.84,1,1,10,0.1,5722.35,3077.87
ESCRITORIO,5022.33,1,1,9,0.096,4551.7,2548.67
ESCRITORIO,6462.33,1,4,27,0.3479,4171.38,1965.73
ESCRITORIO,6265.84,0,4,10,0.28,4621.22,2482.8
ESCRITORIO,5179.97,1,3,20,0.26,4083.01,2200.76
ESCRITORIO,6079.27,1,1,8,0.092,5441.45,2722.11
ESCRITORIO,6138.06,1,4,14,0.296,4260.36,2371.35
ESCRITORIO,5297.12,1,0,5,0.02,5073.17,2881.94
ESCRITORIO,6316.74,1,1,14,0.116,5825.9,2904.18
ESCRITORIO,6470.33,1,2,5,0.14,5611.94,3258.61
ESCRITORIO,6257.04,1,1,9,0.096,5651.99,2952.14
ESCRITORIO,6692.17,0,4,28,0.352,4287.11,2389.62
ESCRITORIO,5793.67,1,1,8,0.092,5286.09,2838.38
ESCRITORIO,6099.71,0,6,27,0.468,3314.2,1677.95
ESCRITORIO,5999.78,0,8,31,0.604,2471.39,1142.42
ESCRITORIO,5584.86,0,1,8,0.092,5069.91,2847.12
ESCRITORIO,5635.97,1,0,8,0.032,5597.47,2942.2
ESCRITORIO,6267.36,1,2,8,0.152,5182.25,2622.22
ESCRITORIO,5038.43,1,3,14,0.236,3636.97,2052.05
ESCRITORIO,5454.07,1,1,13,0.112,4703.26,2582.71
IMPRESORA PASILLO,48931.64,1,1,17,0.128,40780.37,21543.72
ESCRITORIO,5830.07,1,3,20,0.26,4242.17,2266.94
ESCRITORIO,6084.66,1,0,9,0.036,5573.11,2625.83
ESCRITORIO,5796.14,1,0,8,0.032,5613.7,2639.35
ESCRITORIO,6098.7,1,2,15,0.18,5018.86,2680.2
ESCRITORIO,5611.67,1,1,6,0.0839,5009.88,2750.8
ESCRITORIO,5440.04,1,1,11,0.104,4689.13,2490.95
ESCRITORIO,5302.72,0,5,23,0.392,3126.5,1631.64
ESCRITORIO,5204.13,1,0,5,0.02,5311.83,2828.91
ESCRITORIO,5849.9,1,6,26,0.464,3005.5,1576.68
ESCRITORIO,5773.56,1,1,8,0.092,5087.27,2748.85
ESCRITORIO,5618.83,1,3,12,0.228,4318.39,2425.07
ESCRITORIO,6239.31,0,5,15,0.36,3927.54,2101.42
ESCRITORIO,6830.16,1,1,8,0.092,6512.07,3339.16
ESCRITORIO,5728.1,1,5,29,0.416,3332.29,1571.01
ESCRITORIO,6328.01,1,2,17,0.188,5315.66,3017.04
ESCRITORIO,5398.63,1,2,19,0.196,4187.98,2052.46
ESCRITORIO,6380.15,1,2,13,0.1719,5539.44,3022.84
ESCRITORIO,6913.48,1,1,10,0.1,6160.5,3195.44
ESCRITORIO,5139.04,1,1,5,0.08,4565.45,2608.98
ESCRITORIO,7312.32,0,6,27,0.468,3581.85,1820.96
ESCRITORIO,5482.61,1,1,14,0.116,4636.68,2209.73
ESCRITORIO,6135.04,1,2,15,0.18,5190.45,2805.53
ESCRITORIO,5552.19,1,1,5,0.08,5100.33,2829.34
ESCRITORIO,5913.69,1,1,9,0.096,5536.89,3010.61
ESCRITORIO,6184.51,1,2,7,0.148,5087.81,2682.48
ESCRITORIO,6360.54,1,2,19,0.196,4860.43,2434.71
ESCRITORIO,6155.91,0,3,9,0.216,4626.33,2661.83
ESCRITORIO,6211.37,1,0,8,0.032,6322.61,3213.99
ESCRITORIO,5376.6,1,3,11,0.224,4374.86,2390.73
ESCRITORIO,6333.33,1,4,6,0.264,4701.17,2795.07
ESCRITORIO,5864.11,1,2,10,0.16,5141.53,2963.22
ESCRITORIO,5584.17,1,3,12,0.228,4502.4,2655.66
ESCRITORIO,5665.15,0,6,20,0.44,3029.22,1668.54
ESCRITORIO,7433.83,1,2,10,0.16,6266.07,3368.36
ESCRITORIO,5566.85,1,1,8,0.092,5010.3,2629.07
ESCRITORIO,6952.13,1,1,11,0.104,6518.75,3386.67
ESCRITORIO,6784.27,1,3,7,0.208,5568.43,3228.83
ESCRITORIO,5868.96,0,4,19,0.316,4123.41,2206.02
ESCRITORIO,6217.46,1,3,7,0.208,4880.12,2774.64
ESCRITORIO,6524.99,1,2,10,0.16,5779.19,3143.35
ESCRITORIO,6600.04,1,5,16,0.364,3891.65,2213.32
ESCRITORIO,6631.6,1,1,10,0.1,6275.92,3543.72
ESCRITORIO,6504.53,0,8,48,0.6719,1931.03,917.59
ESCRITORIO,6703.88,0,5,7,0.328,4328.61,2329.13
ESCRITORIO,6748.0,1,4,21,0.324,4737.65,2553.61
IMPRESORA PASILLO,25838.45,1,7,30,0.54,10797.93,4834.1
ESCRITORIO,5192.67,1,1,8,0.092,4861.05,2663.4
ESCRITORIO,6105.63,1,3,16,0.244,4801.45,2608.71
ESCRITORIO,5940.9,1,0,5,0.02,5931.5,3102.18
ESCRITORIO,5556.8,0,3,17,0.248,3993.04,1973.75
ESCRITORIO,5407.23,1,5,11,0.3439,3803.69,2007.46
ESCRITORIO,6154.47,0,4,9,0.2759,4721.39,2700.75
ESCRITORIO,4794.18,1,3,16,0.244,3658.15,1920.99
ESCRITORIO,6465.83,0,5,27,0.408,3850.57,2025.86
ESCRITORIO,5642.53,0,6,39,0.516,2801.7,1290.98
ESCRITORIO,5558.06,1,2,19,0.196,4371.98,2438.42
IMPRESORA PASILLO,23172.37,1,1,7,0.088,21738.18,11135.22
ESCRITORIO,4902.08,1,1,11,0.104,4273.52,2457.11
ESCRITORIO,6156.97,1,2,13,0.1719,4957.52,2849.63
ESCRITORIO,6280.01,1,3,19,0.256,4797.73,2518.55
ESCRITORIO,6293.8,0,5,17,0.368,4126.69,2383.28
ESCRITORIO,5072.65,1,3,6,0.2039,4055.5,2329.83
ESCRITORIO,5275.27,1,1,10,0.1,4761.74,2366.05
ESCRITORIO,5527.07,1,1,8,0.092,4963.37,2557.15
ESCRITORIO,5629.0,0,4,14,0.296,4202.31,2159.35
ESCRITORIO,6370.37,0,4,26,0.3439,4271.51,2158.6
ESCRITORIO,6129.05,1,1,7,0.088,5844.15,3208.02
ESCRITORIO,6493.86,1,3,5,0.2,5449.12,2827.55
ESCRITORIO,6003.27,1,1,13,0.112,5446.38,3009.7
ESCRITORIO,5644.67,1,3,20,0.26,4215.28,2268.45
ESCRITORIO,5433.2,0,2,13,0.1719,4279.16,2511.06
ESCRITORIO,5381.79,1,2,12,0.1679,4546.08,2343.92
ESCRITORIO,6860.77,1,0,5,0.02,6953.17,3665.69
ESCRITORIO,6364.8,1,6,10,0.4,4002.29,2081.32
ESCRITORIO,5911.42,1,1,5,0.08,5206.44,2578.12
ESCRITORIO,4756.59,0,8,37,0.628,1865.16,886.76
ESCRITORIO,5241.42,0,5,9,0.3359,3600.06,2158.72
ESCRITORIO,6124.0,1,1,12,0.108,5192.87,2925.03
ESCRITORIO,5265.88,1,3,21,0.264,3959.48,1995.23
ESCRITORIO,6083.69,1,3,13,0.232,4840.95,2526.01
ESCRITORIO,4899.93,1,3,8,0.212,3620.9,2091.1
ESCRITORIO,5383.1,0,4,26,0.3439,3764.26,2053.25
ESCRITORIO,5217.31,1,1,5,0.08,4988.39,2876.63
ESCRITORIO,5705.62,1,2,12,0.1679,4532.5,2488.77
ESCRITORIO,6510.64,0,3,19,0.256,4934.49,2745.87
ESCRITORIO,5803.55,0,6,5,0.38,3876.08,1961.36
ESCRITORIO,6468.29,1,4,10,0.28,4794.65,2680.63
ESCRITORIO,5669.81,1,2,16,0.184,4611.96,2434.8
ESCRITORIO,6167.56,1,1,6,0.0839,5872.41,2886.6
ESCRITORIO,5084.55,1,1,10,0.1,4759.97,2354.15
ESCRITORIO,6461.39,1,2,12,0.1679,5527.03,3037.19
ESCRITORIO,6049.39,1,0,9,0.036,5696.76,3023.1
ESCRITORIO,6347.06,1,0,6,0.024,6510.96,3088.12
ESCRITORIO,6266.81,0,4,8,0.272,4461.23,2453.26
ESCRITORIO,5339.63,0,4,21,0.324,3689.89,2027.88
ESCRITORIO,5433.36,0,4,29,0.356,3488.18,1766.21
ESCRITORIO,4773.36,1,1,5,0.08,4601.1,2537.2
ESCRITORIO,6532.36,1,1,5,0.08,5911.09,3433.54
IMPRESORA PASILLO,55361.05,1,2,10,0.16,47905.64,28162.98
ESCRITORIO,6060.53,1,3,9,0.216,4732.35,2571.09
ESCRITORIO,6336.89,0,4,6,0.264,4391.72,2500.99
ESCRITORIO,4919.15,1,6,25,0.46,2607.97,1309.77
ESCRITORIO,7352.8,1,5,22,0.388,4479.28,2223.88
ESCRITORIO,5982.18,1,2,8,0.152,5122.86,2639.39
ESCRITORIO,6113.4,1,1,10,0.1,5349.31,2899.43
ESCRITORIO,4947.36,0,3,18,0.252,3724.54,2064.16
ESCRITORIO,5113.2,1,3,19,0.256,3836.59,2183.55
ESCRITORIO,6936.3,1,0,7,0.028,6851.23,3298.27
IMPRESORA PASILLO,80555.38,1,1,6,0.0839,70770.61,41140.98
ESCRITORIO,5585.96,1,4,5,0.26,4086.79,2408.41
ESCRITORIO,5849.51,1,2,9,0.156,5146.0,2832.21
ESCRITORIO,5239.58,0,3,24,0.276,3811.7,1950.24
ESCRITORIO,6555.8,1,0,5,0.02,6646.07,3317.96
ESCRITORIO,5445.04,1,2,13,0.1719,4596.38,2714.76
ESCRITORIO,5070.58,1,7,13,0.472,2601.17,1327.93
ESCRITORIO,5483.51,1,3,10,0.22,4307.35,2460.76
ESCRITORIO,6233.22,1,7,24,0.516,2850.63,1423.19
ESCRITORIO,7556.77,1,1,5,0.08,6687.39,3682.13
ESCRITORIO,6964.84,1,1,12,0.108,6551.22,3716.16
ESCRITORIO,6101.84,1,2,15,0.18,5090.37,2661.43
ESCRITORIO,5409.44,1,0,5,0.02,5470.3,3051.18
ESCRITORIO,5334.67,1,6,17,0.428,2797.96,1476.21
ESCRITORIO,7190.73,1,7,44,0.596,2581.86,1193.47
ESCRITORIO,7354.02,1,2,17,0.188,6260.26,3081.37
ESCRITORIO,5066.1,1,3,24,0.276,3919.0,2197.93
ESCRITORIO,6424.84,1,0,8,0.032,6535.84,3263.35
ESCRITORIO,6560.93,1,5,28,0.412,4109.08,2077.86
ESCRITORIO,6011.79,0,7,36,0.5639,2579.04,1186.98
ESCRITORIO,5609.24,1,6,9,0.3959,3524.83,1800.73
ESCRITORIO,5111.35,0,8,28,0.592,1963.93,911.13
ESCRITORIO,5683.04,0,4,6,0.264,4416.33,2476.84
ESCRITORIO,6001.46,1,4,18,0.312,3868.05,2072.81
ESCRITORIO,5874.55,0,1,5,0.08,5535.25,2928.09
ESCRITORIO,5808.58,1,3,13,0.232,4456.29,2439.46
ESCRITORIO,6462.07,1,5,16,0.364,3803.64,1962.14
ESCRITORIO,6289.37,1,2,12,0.1679,5066.87,3018.71
ESCRITORIO,6305.81,1,2,8,0.152,5240.12,2979.42
ESCRITORIO,6175.76,1,2,16,0.184,4990.23,2616.09
ESCRITORIO,6667.97,1,3,11,0.224,4860.3,2436.91
ESCRITORIO,6286.4,1,0,7,0.028,6323.1,2965.35
ESCRITORIO,6794.53,1,4,25,0.3399,4720.08,2252.89
ESCRITORIO,6700.13,1,3,7,0.208,4981.34,2746.31
ESCRITORIO,6023.0,1,1,8,0.092,5464.06,2707.92
ESCRITORIO,5606.82,1,0,7,0.028,5572.75,2625.91
ESCRITORIO,5621.11,1,3,10,0.22,4464.36,2457.14
ESCRITORIO,6876.21,1,2,12,0.1679,5782.24,3334.97
ESCRITORIO,6669.86,1,3,20,0.26,4935.7,2447.17
ESCRITORIO,5552.38,1,2,9,0.156,4414.15,2424.15
ESCRITORIO,6206.38,1,2,15,0.18,4872.43,2521.8
ESCRITORIO,5505.42,1,1,12,0.108,4935.48,2447.78
ESCRITORIO,6457.43,0,4,28,0.352,4274.97,2378.96
ESCRITORIO,5465.02,1,4,13,0.292,3789.69,2040.21
IMPRESORA PASILLO,58049.85,1,5,55,0.52,25601.56,12416.43
ESCRITORIO,6888.95,0,3,24,0.276,5019.2,2514.25
ESCRITORIO,6385.03,0,3,14,0.236,4898.68,2858.19
ESCRITORIO,5885.7,1,4,21,0.324,4178.33,2326.44
ESCRITORIO,6242.01,1,3,12,0.228,4549.34,2333.95
ESCRITORIO,5535.47,1,0,9,0.036,5383.25,2704.46
ESCRITORIO,5596.23,1,3,12,0.228,4082.72,2421.33
ESCRITORIO,6388.06,0,4,6,0.264,4837.43,2558.68
ESCRITORIO,6194.79,1,6,29,0.476,3008.56,1525.43
ESCRITORIO,5660.72,0,5,12,0.3479,3887.05,1909.25
ESCRITORIO,6481.64,1,2,12,0.1679,5460.16,3088.49
ESCRITORIO,5822.24,0,3,22,0.268,4539.11,2204.81
ESCRITORIO,6836.76,1,4,27,0.3479,4761.91,2504.57
ESCRITORIO,5197.37,1,1,13,0.112,4520.7,2327.06
ESCRITORIO,5405.48,1,2,19,0.196,4478.4,2579.09
ESCRITORIO,6005.17,1,3,5,0.2,4664.13,2754.8
ESCRITORIO,6446.07,0,4,6,0.264,4731.88,2450.49
ESCRITORIO,6641.93,0,6,9,0.3959,4116.3,2307.65
ESCRITORIO,7047.5,0,4,12,0.288,5284.18,2746.77
ESCRITORIO,5404.4,1,2,6,0.144,4729.92,2375.33
ESCRITORIO,5740.69,1,2,9,0.156,4694.24,2457.19
ESCRITORIO,7024.08,1,1,13,0.112,6055.6,3085.57
ESCRITORIO,6257.23,0,5,27,0.408,3513.76,1806.49
ESCRITORIO,5716.94,1,3,15,0.24,4463.9,2428.36
ESCRITORIO,5520.11,1,2,8,0.152,4414.39,2376.6
IMPRESORA PASILLO,98600.82,1,1,20,0.14,87382.57,45952.92
ESCRITORIO,6281.87,1,0,6,0.024,6104.58,3235.54
ESCRITORIO,6484.83,1,3,11,0.224,5281.12,2738.7
ESCRITORIO,5630.9,0,3,17,0.248,4211.07,2145.63
ESCRITORIO,6733.65,1,2,15,0.18,5635.24,2950.94
ESCRITORIO,6417.92,1,1,14,0.116,5680.68,3136.05
ESCRITORIO,5244.3,1,1,6,0.0839,4884.74,2690.33
ESCRITORIO,5389.92,1,2,15,0.18,4476.22,2317.49
ESCRITORIO,6128.61,1,2,6,0.144,5272.6,3014.43
ESCRITORIO,6069.8,1,2,7,0.148,5438.88,2993.46
ESCRITORIO,6742.29,0,6,35,0.5,3063.4,1554.72
ESCRITORIO,6364.97,1,3,6,0.2039,5270.36,2987.61
ESCRITORIO,6776.46,1,5,25,0.4,3827.82,1809.89
ESCRITORIO,5059.19,1,2,15,0.18,3952.42,2043.76
ESCRITORIO,6504.7,1,2,8,0.152,5334.97,3015.51
ESCRITORIO,5904.55,1,1,8,0.092,5078.52,2711.17
ESCRITORIO,5540.01,1,7,19,0.496,2863.92,1413.48
ESCRITORIO,5246.11,1,1,11,0.104,4627.59,2589.63
ESCRITORIO,6579.25,0,3,12,0.228,5088.72,2585.7
ESCRITORIO,6770.86,1,0,9,0.036,6792.37,3642.19
ESCRITORIO,6669.01,1,3,9,0.216,5525.81,2808.9
ESCRITORIO,4582.5,0,5,28,0.412,2656.0,1322.58
ESCRITORIO,6429.98,1,3,22,0.268,4423.76,2189.59
ESCRITORIO,6723.95,1,3,17,0.248,4893.04,2868.65
ESCRITORIO,6360.16,1,2,15,0.18,5339.14,3125.53
ESCRITORIO,6292.6,1,3,13,0.232,5098.75,3021.64
ESCRITORIO,6293.87,1,3,19,0.256,4980.03,2860.01
ESCRITORIO,4793.39,1,5,20,0.38,2938.03,1473.79
ESCRITORIO,5194.56,0,2,12,0.1679,4085.58,2344.49
ESCRITORIO,6095.64,1,1,7,0.088,5335.29,2798.03
ESCRITORIO,7498.33,0,5,31,0.424,4103.64,2093.25
ESCRITORIO,5736.95,1,1,11,0.104,5156.54,2813.02
ESCRITORIO,6405.99,1,1,13,0.112,5414.15,2839.97
ESCRITORIO,6259.45,1,1,8,0.092,5967.38,3234.68
ESCRITORIO,6180.85,0,3,10,0.22,4534.06,2538.11
ESCRITORIO,6104.13,0,5,33,0.432,3193.19,1598.97
ESCRITORIO,5088.08,1,1,9,0.096,4377.58,2361.59
ESCRITORIO,6488.7,1,3,18,0.252,4646.65,2663.54
ESCRITORIO,6708.49,0,6,22,0.448,3788.39,1903.62
ESCRITORIO,6678.15,0,6,17,0.428,3527.79,1877.61
ESCRITORIO,5443.61,1,3,9,0.216,4360.72,2418.7
ESCRITORIO,6534.61,0,6,30,0.48,3533.35,1709.04
ESCRITORIO,6679.59,0,2,16,0.184,5288.55,3074.92
ESCRITORIO,6254.95,1,3,16,0.244,4715.75,2540.3
ESCRITORIO,5678.31,1,3,18,0.252,4152.22,2317.71
ESCRITORIO,6175.26,1,3,17,0.248,4428.8,2238.97
ESCRITORIO,6665.81,1,1,12,0.108,5709.31,3152.93
ESCRITORIO,6194.31,1,1,8,0.092,5372.72,2956.85
ESCRITORIO,6403.81,1,1,13,0.112,5871.56,3104.31
ESCRITORIO,5849.65,0,4,18,0.312,4087.53,1960.33
ESCRITORIO,6019.72,1,3,6,0.2039,5048.09,2920.61
ESCRITORIO,5354.38,1,1,13,0.112,4847.48,2795.39
ESCRITORIO,5841.2,1,2,14,0.176,4779.31,2444.36
ESCRITORIO,6181.01,1,1,10,0.1,5385.45,2989.79
ESCRITORIO,6834.95,1,3,20,0.26,5316.51,2933.06
ESCRITORIO,6072.21,1,3,12,0.228,4922.24,2631.44
ESCRITORIO,6189.26,1,2,19,0.196,4921.94,2527.33
ESCRITORIO,5061.36,1,1,8,0.092,4352.45,2478.57
ESCRITORIO,5699.73,0,2,17,0.188,4674.81,2339.13
ESCRITORIO,6231.37,1,1,6,0.0839,5764.16,2912.09
ESCRITORIO,5290.48,1,2,16,0.184,4477.93,2400.45
ESCRITORIO,5414.95,1,3,18,0.252,4245.52,2176.23
ESCRITORIO,4861.34,1,2,12,0.1679,4026.37,2172.94
ESCRITORIO,6876.1,0,3,18,0.252,5289.19,2926.76
ESCRITORIO,5360.7,1,5,31,0.424,2923.88,1523.57
ESCRITORIO,6406.48,0,3,7,0.208,5088.43,3047.63
ESCRITORIO,6238.01,1,7,30,0.54,3106.03,1512.45
ESCRITORIO,6905.78,1,3,23,0.272,5044.43,2543.61
IMPRESORA PASILLO,60797.43,1,2,45,0.3,45060.27,21788.57
ESCRITORIO,5905.42,1,1,5,0.08,5189.59,2874.71
ESCRITORIO,6537.6,1,2,14,0.176,5502.19,2945.5
ESCRITORIO,5455.63,1,5,24,0.396,3534.31,1792.23
ESCRITORIO,5568.89,0,5,27,0.408,3027.39,1574.44
ESCRITORIO,5746.77,1,1,12,0.108,5178.39,2855.35
ESCRITORIO,5395.29,0,4,7,0.268,3862.44,1993.03
ESCRITORIO,5178.97,1,1,12,0.108,4614.18,2527.71
ESCRITORIO,7016.31,1,1,12,0.108,6034.26,3027.1
ESCRITORIO,5923.63,1,3,14,0.236,4504.35,2578.82
IMPRESORA PASILLO,60914.88,1,2,27,0.228,47934.73,25239.21
ESCRITORIO,6722.27,0,7,22,0.508,3323.64,1635.47
ESCRITORIO,5494.73,1,7,14,0.476,2879.98,1375.35
ESCRITORIO,5709.61,1,2,19,0.196,4745.14,2593.8
ESCRITORIO,5289.09,1,1,11,0.104,4823.88,2726.03
ESCRITORIO,7409.75,0,4,12,0.288,5237.83,2836.9
ESCRITORIO,4974.97,1,1,7,0.088,4652.68,2462.51
ESCRITORIO,4997.93,1,2,9,0.156,3998.99,2063.35
ESCRITORIO,7770.34,1,0,5,0.02,7438.33,3868.46
ESCRITORIO,7052.78,1,0,5,0.02,7160.48,3451.77
ESCRITORIO,6839.08,1,5,9,0.3359,4523.63,2347.67
ESCRITORIO,5836.13,0,6,29,0.476,2792.87,1382.67
ESCRITORIO,5664.44,1,2,13,0.1719,4706.93,2649.23
ESCRITORIO,6528.68,1,3,22,0.268,4843.04,2753.25
ESCRITORIO,5162.08,1,3,16,0.244,3834.94,2270.34
ESCRITORIO,6322.79,1,4,8,0.272,4602.23,2459.74
ESCRITORIO,5232.72,1,4,29,0.356,3596.23,1891.15
ESCRITORIO,4629.9,1,1,12,0.108,4198.45,2136.47
ESCRITORIO,6189.23,0,4,23,0.332,4091.36,2239.21
ESCRITORIO,6118.14,1,3,14,0.236,4885.77,2572.78
ESCRITORIO,5546.2,1,2,5,0.14,4940.3,2856.39
ESCRITORIO,6776.39,1,5,20,0.38,4384.73,2070.71
ESCRITORIO,5241.84,1,5,30,0.42,3131.61,1655.49
ESCRITORIO,5511.4,1,1,5,0.08,5166.39,2939.36
ESCRITORIO,7080.98,1,2,10,0.16,5772.24,3200.19
ESCRITORIO,5464.94,1,5,25,0.4,3152.37,1647.44
ESCRITORIO,5404.95,1,7,22,0.508,2424.25,1308.29
ESCRITORIO,6150.99,1,1,7,0.088,5617.47,2918.5
ESCRITORIO,5267.46,1,1,11,0.104,4693.13,2566.21
ESCRITORIO,6394.98,1,1,12,0.108,5894.03,2866.89
ESCRITORIO,5911.55,1,2,12,0.1679,4814.14,2769.22
ESCRITORIO,5120.52,1,2,6,0.144,4196.75,2211.13
ESCRITORIO,5884.98,1,2,12,0.1679,5093.48,2581.34
ESCRITORIO,5634.93,1,1,5,0.08,5339.25,2733.27
ESCRITORIO,6524.09,1,2,15,0.18,5562.05,3059.86
ESCRITORIO,5505.27,0,8,26,0.584,2202.05,1107.73
ESCRITORIO,5874.5,0,5,13,0.352,3901.66,2233.05
ESCRITORIO,6582.18,0,2,5,0.14,5535.36,3078.24
ESCRITORIO,5794.14,0,3,12,0.228,4381.9,2523.68
IMPRESORA PASILLO,61142.79,1,1,6,0.0839,53135.43,30003.78
ESCRITORIO,6624.54,0,3,15,0.24,4749.03,2468.78
ESCRITORIO,5587.62,1,0,9,0.036,5619.2,2834.07
IMPRESORA PASILLO,26118.75,1,2,41,0.284,18338.77,8762.91
ESCRITORIO,6064.75,0,6,34,0.496,3167.7,1605.08
ESCRITORIO,5114.28,1,1,10,0.1,4777.44,2687.6
ESCRITORIO,6259.53,0,6,35,0.5,3279.8,1603.55
ESCRITORIO,6278.07,1,1,13,0.112,5268.25,2635.72
ESCRITORIO,6182.25,1,3,11,0.224,4680.92,2441.19
ESCRITORIO,5755.14,1,3,15,0.24,4371.79,2419.26
ESCRITORIO,6180.1,1,1,10,0.1,5772.45,2980.7
ESCRITORIO,6328.4,1,3,23,0.272,4603.8,2495.34
ESCRITORIO,6070.24,1,3,19,0.256,4807.62,2478.41
ESCRITORIO,6612.86,1,1,12,0.108,6139.94,3261.1
ESCRITORIO,5837.01,0,7,10,0.46,3283.56,1813.68
ESCRITORIO,5984.61,0,3,24,0.276,4503.85,2313.35
ESCRITORIO,6059.9,0,4,23,0.332,4205.14,2297.99
ESCRITORIO,5862.34,1,3,12,0.228,4637.92,2469.67
ESCRITORIO,5834.02,1,1,13,0.112,5178.49,2731.78
ESCRITORIO,6689.83,0,6,36,0.504,3379.1,1729.07
ESCRITORIO,5541.58,1,2,17,0.188,4612.32,2720.66
ESCRITORIO,5611.64,1,5,30,0.42,3128.14,1575.35
ESCRITORIO,6714.82,0,3,10,0.22,5284.76,2862.36
ESCRITORIO,5385.81,1,1,5,0.08,4737.59,2530.22
ESCRITORIO,6225.73,1,1,5,0.08,5511.19,3110.23
ESCRITORIO,5997.89,0,5,17,0.368,3695.6,1849.23
ESCRITORIO,5474.12,1,0,6,0.024,5474.37,3026.85
ESCRITORIO,6478.68,1,0,6,0.024,6126.4,3359.53
ESCRITORIO,5247.64,1,2,17,0.188,4473.81,2605.01
ESCRITORIO,6333.35,0,3,13,0.232,4841.85,2533.98
ESCRITORIO,6026.69,1,2,18,0.192,5116.36,2763.17
ESCRITORIO,6617.54,1,1,8,0.092,5764.1,2838.38
ESCRITORIO,6453.99,1,5,15,0.36,4301.47,2335.88
ESCRITORIO,5844.76,0,3,14,0.236,4375.65,2360.05
ESCRITORIO,6029.81,1,3,19,0.256,4649.35,2472.53
ESCRITORIO,6479.78,1,3,7,0.208,5276.96,2890.72
ESCRITORIO,5649.47,0,3,18,0.252,4023.17,1997.6
ESCRITORIO,6814.88,0,3,20,0.26,5344.21,2911.32
ESCRITORIO,5023.96,0,2,5,0.14,4275.34,2340.81
ESCRITORIO,5488.46,1,3,14,0.236,3999.4,2070.25
ESCRITORIO,6498.43,1,3,8,0.212,4940.66,2973.83
IMPRESORA PASILLO,62758.39,1,1,23,0.152,54055.84,26302.84
ESCRITORIO,6476.98,0,5,13,0.352,4404.67,2332.72
ESCRITORIO,6189.4,1,4,18,0.312,4496.89,2378.39
ESCRITORIO,5454.03,1,0,7,0.028,5414.03,2932.62
ESCRITORIO,6084.88,0,3,7,0.208,5081.99,2857.3
ESCRITORIO,6441.76,1,1,10,0.1,5615.81,3088.62
ESCRITORIO,5876.97,0,4,16,0.304,4053.47,2064.51
ESCRITORIO,6412.41,1,4,11,0.2839,4726.62,2589.2
ESCRITORIO,6658.95,0,4,20,0.32,4598.88,2708.73
ESCRITORIO,6985.69,1,0,9,0.036,6543.13,3380.1
IMPRESORA PASILLO,61421.24,1,1,27,0.168,52211.97,26032.52
ESCRITORIO,6709.79,0,5,22,0.388,3972.16,1992.4
ESCRITORIO,6745.7,1,0,5,0.02,6686.95,3249.8
ESCRITORIO,5359.16,1,1,7,0.088,4663.8,2377.03
ESCRITORIO,6831.28,1,6,20,0.44,4154.17,1940.29
ESCRITORIO,5637.9,1,1,13,0.112,4960.69,2519.5
ESCRITORIO,5276.32,1,5,24,0.396,2971.48,1639.23
ESCRITORIO,5506.05,0,3,7,0.208,4471.05,2564.84
ESCRITORIO,5999.2,1,0,9,0.036,5545.41,2730.64
ESCRITORIO,4674.63,0,8,30,0.6,1878.43,896.83
ESCRITORIO,5857.11,0,8,18,0.5519,2909.62,1379.24
ESCRITORIO,6243.85,0,9,12,0.588,2395.15,1071.14
ESCRITORIO,5318.84,1,1,6,0.0839,4642.1,2386.37
ESCRITORIO,6090.74,1,2,5,0.14,5169.0,3078.57
ESCRITORIO,5840.5,1,1,12,0.108,5303.0,2717.56
IMPRESORA PASILLO,34196.83,1,3,32,0.308,24871.84,13015.26
ESCRITORIO,5336.25,0,4,21,0.324,3788.31,1887.96
ESCRITORIO,6446.09,1,1,13,0.112,5825.7,2880.15
ESCRITORIO,5968.56,1,1,5,0.08,5628.46,2960.4
ESCRITORIO,6282.12,0,4,18,0.312,4020.1,2119.62
ESCRITORIO,5259.0,0,3,7,0.208,4310.33,2449.94
ESCRITORIO,6090.72,0,4,25,0.3399,4256.28,2291.96
ESCRITORIO,4697.78,0,2,17,0.188,3936.71,1985.53
ESCRITORIO,6357.23,1,1,14,0.116,5556.02,2831.65
ESCRITORIO,5850.37,1,0,6,0.024,5927.41,2847.74
ESCRITORIO,5765.98,1,0,5,0.02,5694.89,2966.33
ESCRITORIO,6677.2,0,2,5,0.14,5410.8,2956.6
ESCRITORIO,5632.69,0,4,22,0.328,3685.99,2116.52
ESCRITORIO,5683.88,1,3,6,0.2039,4754.77,2440.56
ESCRITORIO,6982.71,1,1,14,0.116,5903.39,3281.34
ESCRITORIO,6437.32,1,2,13,0.1719,5525.96,2691.42
ESCRITORIO,5645.0,1,3,17,0.248,4044.91,2076.13
ESCRITORIO,4591.01,1,7,44,0.596,1987.02,930.27
ESCRITORIO,6262.17,0,3,12,0.228,4843.57,2696.15
ESCRITORIO,5289.68,0,3,11,0.224,4063.05,2199.56
ESCRITORIO,5668.68,1,4,11,0.2839,4246.84,2228.09
ESCRITORIO,5015.16,1,1,9,0.096,4578.5,2285.83
ESCRITORIO,5370.22,1,3,9,0.216,4036.02,2069.92
ESCRITORIO,6096.0,0,4,16,0.304,4154.88,2063.84
ESCRITORIO,5677.9,1,0,8,0.032,5395.02,2613.93
ESCRITORIO,6218.2,1,0,7,0.028,6127.75,2941.92
ESCRITORIO,6233.52,1,0,6,0.024,6210.34,2957.43
ESCRITORIO,6389.0,1,3,6,0.2039,5294.1,3103.6
ESCRITORIO,6495.5,1,1,6,0.0839,6267.17,3110.07
ESCRITORIO,6341.28,1,1,5,0.08,6142.18,3295.21
ESCRITORIO,6519.19,0,9,52,0.748,1592.1,679.59
ESCRITORIO,5542.53,0,4,20,0.32,3649.99,2049.0
ESCRITORIO,5303.69,0,3,23,0.272,3971.01,2213.72
ESCRITORIO,6142.5,1,3,10,0.22,4536.79,2504.67
ESCRITORIO,5760.12,1,1,10,0.1,4933.22,2617.39
ESCRITORIO,5853.04,1,4,17,0.308,3935.83,2093.56
ESCRITORIO,5292.62,0,2,16,0.184,4523.91,2471.6
ESCRITORIO,6451.15,1,2,6,0.144,5725.14,2953.02
ESCRITORIO,5627.15,1,5,6,0.324,3537.76,1989.27
ESCRITORIO,6941.52,1,0,7,0.028,6796.96,3448.9
ESCRITORIO,6315.19,1,3,20,0.26,4919.24,2863.25
ESCRITORIO,6086.68,0,6,21,0.444,3200.28,1533.38
ESCRITORIO,5564.53,1,5,29,0.416,3464.77,1919.13
ESCRITORIO,6727.93,0,4,26,0.3439,4406.95,2100.91
ESCRITORIO,5620.41,0,8,27,0.588,2312.41,1085.71
ESCRITORIO,5300.62,1,1,13,0.112,4880.03,2545.55
ESCRITORIO,7243.23,1,0,6,0.024,6934.04,3306.7
ESCRITORIO,5551.47,1,1,9,0.096,5140.17,2582.42
ESCRITORIO,5190.45,1,1,7,0.088,4975.15,2662.63
ESCRITORIO,5315.53,1,0,9,0.036,5096.75,2613.95
ESCRITORIO,4669.75,1,3,17,0.248,3430.31,1776.12
ESCRITORIO,5966.06,0,4,7,0.268,4569.55,2360.65
ESCRITORIO,6675.77,1,1,13,0.112,6144.27,3271.76
ESCRITORIO,6689.86,0,6,32,0.488,3419.48,1685.91
ESCRITORIO,5427.1,1,0,9,0.036,5141.37,2566.22
ESCRITORIO,5766.28,0,5,11,0.3439,3785.43,2032.96
ESCRITORIO,5581.94,1,0,9,0.036,5204.18,2551.63
ESCRITORIO,6604.66,0,7,12,0.468,3748.96,1914.1
ESCRITORIO,4821.45,0,3,17,0.248,3761.08,1923.99
ESCRITORIO,5872.64,1,1,8,0.092,5264.03,2723.31
IMPRESORA PASILLO,52263.16,1,1,22,0.148,43177.07,20861.9
ESCRITORIO,5486.11,1,0,9,0.036,5462.24,2567.38
ESCRITORIO,6538.47,1,1,6,0.0839,5932.04,3498.32
ESCRITORIO,5337.4,0,1,11,0.104,4711.49,2456.36
ESCRITORIO,6810.53,0,3,14,0.236,5396.76,2799.15
ESCRITORIO,6665.56,1,3,11,0.224,5353.34,2928.78
ESCRITORIO,5300.25,0,3,8,0.212,4401.42,2372.63
ESCRITORIO,5914.65,1,3,13,0.232,4701.01,2358.48
ESCRITORIO,4793.29,1,2,17,0.188,3989.34,2045.97
ESCRITORIO,5183.33,0,5,11,0.3439,3334.85,1747.21
ESCRITORIO,6584.8,1,3,9,0.216,4855.35,2566.12
ESCRITORIO,6547.95,1,1,11,0.104,5970.64,2915.45
ESCRITORIO,5617.0,1,4,24,0.3359,3555.5,1868.97
ESCRITORIO,6012.37,0,5,33,0.432,3392.09,1750.92
ESCRITORIO,6328.02,1,2,9,0.156,5112.03,2710.31
ESCRITORIO,6335.94,1,3,17,0.248,4841.93,2676.86
ESCRITORIO,6076.04,1,1,7,0.088,5788.95,2945.71
ESCRITORIO,5440.26,0,7,34,0.556,2649.23,1223.45
ESCRITORIO,6075.78,0,6,5,0.38,3663.48,1966.36
ESCRITORIO,5924.36,0,4,12,0.288,3981.7,2263.19
ESCRITORIO,5921.66,0,5,29,0.416,3248.72,1753.07
ESCRITORIO,6067.86,1,3,19,0.256,4620.65,2536.56
ESCRITORIO,6307.8,1,2,16,0.184,5289.28,2856.25
ESCRITORIO,5270.67,1,1,9,0.096,4987.19,2449.53
ESCRITORIO,6689.29,1,1,9,0.096,5860.09,3156.87
ESCRITORIO,5572.26,1,2,14,0.176,4585.91,2484.36
ESCRITORIO,5012.7,1,0,8,0.032,4621.34,2165.76
ESCRITORIO,4284.49,0,3,11,0.224,3481.86,2016.64
ESCRITORIO,6691.63,1,2,19,0.196,5702.94,2959.89
ESCRITORIO,7052.58,1,4,9,0.2759,4804.79,2666.46
ESCRITORIO,6206.91,1,0,5,0.02,6246.14,2949.41
ESCRITORIO,6398.47,0,5,5,0.32,4526.86,2501.86
ESCRITORIO,5636.19,1,5,10,0.3399,3662.24,1953.61
IMPRESORA PASILLO,48781.98,1,0,6,0.024,47888.3,26406.59
ESCRITORIO,6094.71,1,2,17,0.188,5144.91,2966.34
ESCRITORIO,5800.31,1,1,7,0.088,5058.62,2859.51
ESCRITORIO,4856.98,1,6,11,0.4039,3012.15,1498.96
ESCRITORIO,5959.68,1,0,7,0.028,5874.95,3184.44
ESCRITORIO,5717.86,1,1,13,0.112,4808.35,2470.79
ESCRITORIO,5176.56,1,1,14,0.116,4392.76,2471.45
ESCRITORIO,5187.66,1,3,10,0.22,4286.06,2395.96
ESCRITORIO,5913.18,1,1,6,0.0839,5483.15,2686.04
ESCRITORIO,6089.13,1,3,10,0.22,4639.14,2462.7
ESCRITORIO,6455.14,1,2,19,0.196,5376.88,2647.3
ESCRITORIO,6293.3,1,2,5,0.14,5098.0,3076.82
ESCRITORIO,5953.78,1,0,7,0.028,5863.16,3014.39
ESCRITORIO,5818.84,1,1,10,0.1,5053.19,2652.56
ESCRITORIO,6964.42,1,3,22,0.268,5050.09,2451.12
ESCRITORIO,5742.66,1,2,8,0.152,4963.26,2912.59
ESCRITORIO,6283.86,1,2,5,0.14,5430.77,3039.45
ESCRITORIO,6850.9,1,2,17,0.188,5481.67,2815.8
ESCRITORIO,5602.47,1,3,13,0.232,4200.93,2283.39
ESCRITORIO,5531.19,1,1,11,0.104,5125.53,2494.69
ESCRITORIO,5557.92,1,4,10,0.28,3829.0,2320.02
ESCRITORIO,5941.5,1,0,6,0.024,5544.21,3142.41
ESCRITORIO,5590.89,1,3,13,0.232,4560.06,2555.33
ESCRITORIO,6109.05,1,2,17,0.188,4754.63,2484.59
ESCRITORIO,5956.31,1,1,6,0.0839,5398.08,2820.46
ESCRITORIO,6760.48,0,5,23,0.392,4022.1,2134.28
ESCRITORIO,5395.02,1,2,6,0.144,4507.69,2397.17
ESCRITORIO,6638.32,0,7,36,0.5639,2941.28,1299.0
ESCRITORIO,5526.22,0,5,5,0.32,3876.05,2179.95
ESCRITORIO,5949.73,1,0,8,0.032,5843.88,3179.6
ESCRITORIO,5986.25,1,3,23,0.272,4237.12,2161.12
ESCRITORIO,6215.06,0,3,12,0.228,4939.08,2741.86
ESCRITORIO,6678.52,1,3,23,0.272,4576.36,2571.97
ESCRITORIO,5605.34,1,1,10,0.1,5068.75,2866.26
ESCRITORIO,6529.55,1,2,7,0.148,5409.41,2924.73
ESCRITORIO,5482.61,1,4,15,0.3,3630.84,1918.64
ESCRITORIO,6558.5,1,1,6,0.0839,6126.61,3046.93
ESCRITORIO,6123.47,1,3,24,0.276,4564.29,2258.0
ESCRITORIO,4642.69,1,3,10,0.22,3691.16,2126.45
ESCRITORIO,6494.61,0,4,29,0.356,4028.4,2190.71
ESCRITORIO,5717.58,0,3,18,0.252,4241.12,2484.81
ESCRITORIO,6880.96,0,4,6,0.264,4988.18,2655.29
ESCRITORIO,5633.55,0,2,9,0.156,4822.59,2609.42
ESCRITORIO,5618.04,1,5,32,0.428,3319.19,1659.74
ESCRITORIO,6569.49,1,3,17,0.248,4736.38,2337.65
ESCRITORIO,5851.88,0,3,18,0.252,4115.81,2325.44
ESCRITORIO,5549.27,1,1,6,0.0839,5028.17,2750.37
ESCRITORIO,5927.93,1,2,6,0.144,5069.72,3000.77
ESCRITORIO,5646.23,1,6,13,0.412,3400.35,1786.84
ESCRITORIO,5283.19,0,3,19,0.256,3750.64,2172.85
ESCRITORIO,5529.53,1,0,8,0.032,5544.57,2649.3
ESCRITORIO,6178.14,0,3,16,0.244,4798.84,2592.07
ESCRITORIO,6063.3,1,0,7,0.028,5900.49,2843.79
ESCRITORIO,5362.57,0,3,10,0.22,4390.11,2529.91
ESCRITORIO,6286.41,1,2,9,0.156,5537.51,3120.56
IMPRESORA PASILLO,52232.21,1,0,9,0.036,49886.81,26710.38
ESCRITORIO,5007.78,1,2,16,0.184,4281.64,2241.58
ESCRITORIO,6708.85,1,2,12,0.1679,5251.89,2995.27
ESCRITORIO,6636.58,1,3,5,0.2,5051.56,2752.41
ESCRITORIO,6628.63,1,0,9,0.036,6083.04,3280.7
ESCRITORIO,5947.77,0,3,20,0.26,4504.67,2304.8
ESCRITORIO,6715.62,0,2,14,0.176,5219.64,2664.84
ESCRITORIO,5452.56,0,4,5,0.26,3772.82,2055.58
ESCRITORIO,5996.62,0,5,26,0.404,3455.63,1826.49
ESCRITORIO,5639.36,1,1,9,0.096,4835.12,2793.25
ESCRITORIO,6117.11,1,6,5,0.38,3760.45,1955.18
ESCRITORIO,5691.39,1,0,5,0.02,5734.83,2913.25
ESCRITORIO,5469.05,1,7,10,0.46,3200.72,1702.2
ESCRITORIO,6644.53,1,1,9,0.096,6048.45,3304.84
ESCRITORIO,5790.38,1,3,8,0.212,4704.01,2468.0
ESCRITORIO,7443.19,1,1,12,0.108,6869.76,3785.32
ESCRITORIO,5754.57,0,4,20,0.32,3854.22,2111.38
ESCRITORIO,5849.22,1,0,7,0.028,5541.35,2616.2
ESCRITORIO,5540.53,1,1,13,0.112,4732.37,2462.2
ESCRITORIO,5944.52,0,3,22,0.268,4253.36,2305.4
ESCRITORIO,6265.51,1,2,8,0.152,5220.37,3067.11
ESCRITORIO,6465.29,1,1,14,0.116,5795.27,3237.08
ESCRITORIO,6857.85,1,2,9,0.156,5780.63,3348.72
ESCRITORIO,5372.15,1,5,32,0.428,3155.66,1630.53
ESCRITORIO,6407.0,1,1,7,0.088,6107.95,3343.52
ESCRITORIO,6227.98,1,3,7,0.208,5142.93,2795.77
ESCRITORIO,5452.26,1,1,7,0.088,4731.16,2386.51
ESCRITORIO,5482.69,1,2,10,0.16,4773.9,2757.12
ESCRITORIO,5821.46,0,5,26,0.404,3362.84,1687.08
ESCRITORIO,5968.1,1,1,9,0.096,5692.95,2876.71
ESCRITORIO,6023.52,0,4,16,0.304,4461.76,2302.55
ESCRITORIO,6073.56,1,1,12,0.108,5138.56,2855.4
ESCRITORIO,5958.6,0,2,14,0.176,4739.85,2479.95
ESCRITORIO,6617.15,1,0,6,0.024,6446.45,3263.37
ESCRITORIO,6526.67,1,3,15,0.24,4780.51,2799.29
ESCRITORIO,6205.29,1,3,17,0.248,4712.79,2455.94
ESCRITORIO,4571.47,1,1,8,0.092,4074.74,2288.75
ESCRITORIO,4910.62,1,3,19,0.256,3446.56,1813.14
ESCRITORIO,7346.54,0,6,38,0.512,3539.23,1733.53
ESCRITORIO,5537.39,1,3,6,0.2039,4155.7,2182.68
ESCRITORIO,5477.43,0,6,39,0.516,2573.26,1282.94
ESCRITORIO,5391.3,1,3,24,0.276,3636.94,1969.67
ESCRITORIO,5506.89,1,6,27,0.468,2765.78,1317.92
ESCRITORIO,5434.2,1,2,18,0.192,4391.68,2337.96
ESCRITORIO,5819.85,1,2,11,0.164,5028.88,2638.66
ESCRITORIO,6228.85,1,1,10,0.1,5640.5,3184.34
ESCRITORIO,5920.04,0,2,8,0.152,5273.39,2755.05
ESCRITORIO,6576.44,1,1,5,0.08,6035.34,3523.92
ESCRITORIO,4872.99,0,4,8,0.272,3471.5,1843.34
ESCRITORIO,7370.02,1,4,20,0.32,5278.53,2560.85
ESCRITORIO,5708.62,1,0,5,0.02,5313.69,2551.83
ESCRITORIO,6057.76,1,3,7,0.208,4917.91,2577.51
ESCRITORIO,7400.84,1,2,16,0.184,6026.77,3167.79
ESCRITORIO,5267.09,1,0,9,0.036,5237.78,2574.28
ESCRITORIO,6127.25,1,2,5,0.14,5196.61,3081.29
ESCRITORIO,5615.21,0,4,22,0.328,3672.43,2023.9
ESCRITORIO,6572.51,1,1,10,0.1,5849.39,3245.59
ESCRITORIO,6627.14,1,1,9,0.096,5822.79,2948.54
ESCRITORIO,6054.54,1,0,7,0.028,5757.52,2849.04
ESCRITORIO,5920.04,1,0,5,0.02,5731.57,3166.19
ESCRITORIO,5706.28,0,5,12,0.3479,3480.8,1953.7
ESCRITORIO,6914.67,1,2,12,0.1679,5449.04,3011.47
ESCRITORIO,6392.43,0,4,16,0.304,4523.47,2462.3
ESCRITORIO,5564.22,1,0,5,0.02,5463.58,2693.68
IMPRESORA PASILLO,87155.16,1,3,35,0.3199,62804.03,29930.85
ESCRITORIO,5949.73,1,2,10,0.16,4873.71,2691.1
IMPRESORA PASILLO,34680.4,1,2,39,0.276,23837.56,11464.81
ESCRITORIO,6950.0,1,1,8,0.092,6377.2,3442.16
ESCRITORIO,6485.77,1,1,9,0.096,5661.16,2818.2
ESCRITORIO,5627.74,1,1,5,0.08,4954.4,2812.1
IMPRESORA PASILLO,32909.76,1,2,45,0.3,22198.58,10850.62
ESCRITORIO,6429.7,1,1,11,0.104,5584.33,2660.76
ESCRITORIO,6232.53,1,4,17,0.308,4098.32,2152.37
ESCRITORIO,6727.06,1,1,5,0.08,6109.08,3514.85
ESCRITORIO,6869.12,1,1,13,0.112,5811.45,3211.83
ESCRITORIO,5962.21,1,3,14,0.236,4598.71,2588.13
ESCRITORIO,5801.21,1,1,12,0.108,5453.52,3114.37
ESCRITORIO,5277.87,0,2,16,0.184,4185.22,2328.0
ESCRITORIO,5058.96,1,3,20,0.26,3914.84,2260.52
ESCRITORIO,5117.22,0,4,23,0.332,3613.11,1835.83
ESCRITORIO,6204.25,1,1,6,0.0839,5567.13,3222.84
ESCRITORIO,5595.34,1,3,13,0.232,4513.02,2432.08
ESCRITORIO,6892.27,1,2,13,0.1719,5993.85,3317.74
ESCRITORIO,6281.5,0,4,24,0.3359,4218.27,1990.62
ESCRITORIO,6835.37,1,1,8,0.092,6210.68,3638.86
ESCRITORIO,5156.28,1,0,7,0.028,5264.54,2684.61
ESCRITORIO,6515.51,1,4,10,0.28,4424.31,2448.65
ESCRITORIO,7471.9,1,4,11,0.2839,5219.85,3072.56
ESCRITORIO,6112.86,1,1,14,0.116,5616.69,2867.27
ESCRITORIO,7246.54,1,3,5,0.2,5454.42,2900.2
ESCRITORIO,7081.34,1,0,7,0.028,6788.69,3223.97
ESCRITORIO,6744.65,0,3,14,0.236,4936.54,2647.81
ESCRITORIO,5928.35,1,3,20,0.26,4653.56,2394.05
ESCRITORIO,5480.98,1,3,18,0.252,3988.33,2085.07
ESCRITORIO,5617.74,1,1,6,0.0839,5013.43,2474.46
ESCRITORIO,6336.77,1,1,8,0.092,5472.04,2913.3
ESCRITORIO,6500.86,1,1,7,0.088,6145.41,3585.5
ESCRITORIO,4661.84,0,5,5,0.32,3389.54,1721.59
ESCRITORIO,6709.81,1,3,17,0.248,4873.24,2763.63
ESCRITORIO,5397.59,1,2,10,0.16,4360.34,2418.24
ESCRITORIO,6522.37,1,3,17,0.248,4937.01,2638.83
ESCRITORIO,5876.99,1,4,29,0.356,3977.43,2170.85
ESCRITORIO,6933.31,1,3,16,0.244,5213.7,2938.33
ESCRITORIO,6600.2,1,1,9,0.096,5892.07,3006.95
ESCRITORIO,6449.9,0,2,6,0.144,5596.47,2946.76
ESCRITORIO,5919.76,0,6,25,0.46,3109.44,1545.87
ESCRITORIO,5015.1,1,0,8,0.032,4828.49,2534.35
ESCRITORIO,6626.66,1,1,6,0.0839,6356.48,3670.04
ESCRITORIO,6291.79,1,2,9,0.156,5517.58,3316.67
ESCRITORIO,5656.48,1,2,8,0.152,5054.72,2768.65
ESCRITORIO,6382.6,1,3,13,0.232,4717.79,2564.62
ESCRITORIO,5993.6,1,0,7,0.028,5539.11,3027.69
ESCRITORIO,5440.66,1,4,29,0.356,3272.0,1685.68
ESCRITORIO,6521.37,1,4,19,0.316,4518.37,2381.61
ESCRITORIO,5481.16,1,1,6,0.0839,4949.31,2682.27
ESCRITORIO,6649.69,1,4,7,0.268,5098.24,2951.98
ESCRITORIO,7041.24,1,3,19,0.256,5402.01,2854.07
ESCRITORIO,5691.64,0,6,7,0.388,3241.24,1714.27
ESCRITORIO,5568.74,1,5,33,0.432,2944.58,1501.12
ESCRITORIO,7332.13,1,4,10,0.28,5603.14,3251.73
ESCRITORIO,5111.09,1,2,19,0.196,3913.93,2222.37
ESCRITORIO,6227.83,1,1,14,0.116,5327.26,2827.39
ESCRITORIO,6180.78,1,0,7,0.028,6005.27,2820.88
ESCRITORIO,6950.56,1,3,8,0.212,5256.71,2827.61
ESCRITORIO,5934.42,1,1,7,0.088,5700.99,3134.85
ESCRITORIO,4915.43,0,4,21,0.324,3520.91,1752.11
ESCRITORIO,5871.74,1,3,14,0.236,4574.76,2276.23
ESCRITORIO,5546.41,1,2,16,0.184,4477.05,2580.71
ESCRITORIO,6140.44,1,3,9,0.216,4821.91,2630.88
ESCRITORIO,5708.96,1,3,17,0.248,4144.81,2307.33
ESCRITORIO,6646.18,1,1,13,0.112,5847.55,3132.22
ESCRITORIO,5510.58,0,3,8,0.212,4169.86,2338.74
ESCRITORIO,6050.92,1,2,17,0.188,4751.85,2516.19
ESCRITORIO,7263.11,1,1,13,0.112,6245.02,3545.17
ESCRITORIO,6834.22,1,0,9,0.036,6609.44,3368.02
IMPRESORA PASILLO,67043.85,1,1,12,0.108,61981.76,31012.74
ESCRITORIO,5933.07,1,3,9,0.216,4521.6,2291.07
ESCRITORIO,5937.16,1,1,8,0.092,5467.58,2797.7
ESCRITORIO,6148.13,0,5,13,0.352,4279.12,2152.09
ESCRITORIO,6201.15,1,1,11,0.104,5661.7,2964.26
ESCRITORIO,7076.71,1,5,33,0.432,3994.53,2128.32
ESCRITORIO,7017.58,1,2,8,0.152,5819.87,2972.76
IMPRESORA PASILLO,44509.43,1,2,12,0.1679,38128.35,20121.19
ESCRITORIO,6492.57,0,1,7,0.088,5781.7,2892.14
ESCRITORIO,5750.67,0,3,15,0.24,4541.69,2541.84
ESCRITORIO,4450.37,1,4,23,0.332,3082.95,1546.99
ESCRITORIO,6059.74,1,1,10,0.1,5298.89,2986.69
ESCRITORIO,6258.75,1,1,5,0.08,5781.61,3237.66
ESCRITORIO,5659.49,1,3,11,0.224,4428.44,2477.11
ESCRITORIO,4929.66,1,2,7,0.148,4252.85,2269.01
ESCRITORIO,6509.36,1,0,7,0.028,6511.81,3227.74
ESCRITORIO,7400.48,1,0,7,0.028,7405.11,3790.35
ESCRITORIO,7105.83,1,3,8,0.212,5454.44,3234.92
ESCRITORIO,5503.44,0,1,8,0.092,5208.33,2563.53
ESCRITORIO,5626.58,1,1,8,0.092,5035.79,2633.67
ESCRITORIO,5988.12,1,2,11,0.164,4988.35,2612.77
ESCRITORIO,5991.95,1,5,15,0.36,3679.99,1900.4
ESCRITORIO,4800.29,1,0,6,0.024,4502.31,2503.49
ESCRITORIO,6123.05,1,2,19,0.196,4934.23,2683.65
IMPRESORA PASILLO,44744.97,1,5,40,0.46,22511.35,10164.68
ESCRITORIO,5868.42,0,8,40,0.64,2030.49,880.85
ESCRITORIO,6113.64,0,5,26,0.404,3659.04,1903.92
ESCRITORIO,6295.48,1,5,16,0.364,3919.56,1951.65
ESCRITORIO,5618.54,1,0,9,0.036,5289.69,2650.79
ESCRITORIO,5961.57,0,5,29,0.416,3513.85,1715.5
ESCRITORIO,5169.03,1,1,8,0.092,4583.56,2541.3
ESCRITORIO,6379.38,0,8,45,0.66,2178.09,955.95
IMPRESORA PASILLO,108151.38,1,7,7,0.448,56868.52,30188.69
ESCRITORIO,5522.94,1,2,6,0.144,4579.2,2480.28
ESCRITORIO,6044.66,0,5,11,0.3439,4114.98,2196.72
ESCRITORIO,5858.94,0,1,9,0.096,5492.17,3230.91
ESCRITORIO,5290.49,1,0,8,0.032,5331.19,2562.15
ESCRITORIO,6500.53,1,1,10,0.1,5622.68,2968.03
ESCRITORIO,5936.68,1,3,7,0.208,4610.5,2678.89
ESCRITORIO,6695.94,1,3,8,0.212,5494.1,3083.9
ESCRITORIO,6749.74,1,5,9,0.3359,4563.36,2423.66
ESCRITORIO,5900.04,0,4,15,0.3,4194.17,2313.51
ESCRITORIO,5119.3,1,0,6,0.024,5008.43,2727.77
IMPRESORA PASILLO,82974.48,1,5,36,0.4439,47583.33,23556.63
ESCRITORIO,7349.35,1,5,20,0.38,4330.34,2400.99
ESCRITORIO,6491.61,1,0,5,0.02,6272.21,3306.0
ESCRITORIO,6665.52,1,3,6,0.2039,5051.7,2963.61
ESCRITORIO,5657.06,1,2,19,0.196,4308.33,2314.14
ESCRITORIO,6167.66,0,3,10,0.22,4783.88,2634.78
ESCRITORIO,5558.75,0,5,19,0.376,3432.75,1663.41
ESCRITORIO,5515.63,0,8,24,0.576,2372.66,1229.44
ESCRITORIO,6251.49,1,4,19,0.316,4013.48,2061.68
ESCRITORIO,6576.78,0,7,39,0.576,2655.81,1205.36
ESCRITORIO,7116.25,1,1,13,0.112,6260.4,3435.87
ESCRITORIO,6673.98,1,2,10,0.16,5538.92,2805.74
ESCRITORIO,5411.85,1,1,8,0.092,4794.22,2391.29
ESCRITORIO,6584.37,1,1,14,0.116,6052.51,3373.07
ESCRITORIO,6679.85,1,2,19,0.196,5172.54,2800.08
ESCRITORIO,5263.27,0,1,13,0.112,4450.26,2287.81
ESCRITORIO,6182.63,1,1,11,0.104,5508.71,3161.03
ESCRITORIO,5982.42,1,2,18,0.192,5086.37,2613.4
ESCRITORIO,5267.14,1,1,7,0.088,4616.35,2534.06
ESCRITORIO,4412.84,1,0,8,0.032,4432.25,2337.64
ESCRITORIO,5560.6,0,4,8,0.272,4162.8,2473.04
ESCRITORIO,4889.03,0,5,20,0.38,3195.32,1696.12
ESCRITORIO,5910.82,0,3,18,0.252,4613.02,2344.1
ESCRITORIO,5274.44,1,3,23,0.272,3701.11,2042.77
ESCRITORIO,6180.1,1,1,6,0.0839,5639.1,2999.55
ESCRITORIO,6202.71,0,7,19,0.496,3009.73,1510.41
ESCRITORIO,5836.58,1,2,9,0.156,5212.72,2723.24
ESCRITORIO,6147.99,1,3,20,0.26,4393.78,2405.18
ESCRITORIO,6187.21,0,3,9,0.216,5057.91,2631.59
ESCRITORIO,5975.68,1,1,8,0.092,5186.44,2968.32
ESCRITORIO,6654.28,1,1,13,0.112,5943.62,3136.12
ESCRITORIO,6469.91,1,2,19,0.196,5037.52,2763.19
ESCRITORIO,6552.53,1,3,20,0.26,4726.76,2593.3
ESCRITORIO,5423.94,1,5,16,0.364,3647.4,1815.01
ESCRITORIO,6009.94,1,2,10,0.16,4867.15,2620.32
ESCRITORIO,6095.21,1,1,11,0.104,5590.51,2736.98
ESCRITORIO,6197.16,1,1,10,0.1,5512.52,3071.98
ESCRITORIO,6409.85,1,0,6,0.024,6306.89,3373.49
ESCRITORIO,5887.36,1,2,19,0.196,4857.22,2613.12
ESCRITORIO,6165.73,1,1,9,0.096,5493.46,2855.39
ESCRITORIO,6086.95,1,3,12,0.228,4620.54,2477.7
ESCRITORIO,5995.97,1,2,10,0.16,4753.54,2593.21
ESCRITORIO,5570.89,1,3,10,0.22,4121.17,2275.36
ESCRITORIO,5718.09,1,1,6,0.0839,5344.43,2777.04
ESCRITORIO,5809.19,1,2,17,0.188,4546.57,2254.66
ESCRITORIO,6193.94,1,3,19,0.256,4737.65,2604.08
ESCRITORIO,6607.65,1,5,12,0.3479,4517.14,2492.26
ESCRITORIO,5394.46,1,1,13,0.112,4700.05,2384.64
ESCRITORIO,6090.56,1,5,7,0.328,4001.33,2010.49
ESCRITORIO,6022.59,1,3,13,0.232,4413.2,2436.95
ESCRITORIO,6968.53,1,3,17,0.248,5075.05,2791.04
ESCRITORIO,6135.38,1,1,11,0.104,5208.3,2877.7
ESCRITORIO,5979.27,1,3,17,0.248,4790.01,2506.24
ESCRITORIO,6258.7,1,1,9,0.096,5475.64,3034.01
ESCRITORIO,5947.59,0,4,11,0.2839,4051.54,2157.59
ESCRITORIO,6201.28,1,4,20,0.32,4305.06,2232.92
ESCRITORIO,6096.72,1,5,21,0.384,3722.59,1974.52
ESCRITORIO,5141.07,1,2,12,0.1679,4288.89,2347.17
ESCRITORIO,6196.7,1,0,6,0.024,6197.92,3139.79
ESCRITORIO,6046.89,1,5,32,0.428,3501.99,1759.02
ESCRITORIO,5857.86,0,5,34,0.436,3234.8,1444.6
ESCRITORIO,6090.27,1,5,32,0.428,3692.36,1889.01
ESCRITORIO,5606.02,1,1,11,0.104,5257.18,2736.3
ESCRITORIO,6118.01,0,3,13,0.232,4876.87,2649.52
ESCRITORIO,5730.0,1,3,8,0.212,4793.11,2636.79
ESCRITORIO,5700.45,1,1,8,0.092,5399.02,3127.03
ESCRITORIO,5614.16,0,6,6,0.384,3294.09,1764.75
ESCRITORIO,6787.52,0,3,24,0.276,4929.48,2505.66
ESCRITORIO,5773.32,1,1,9,0.096,4971.63,2680.8
ESCRITORIO,6579.34,0,4,27,0.3479,4125.77,2210.74
ESCRITORIO,5323.41,1,2,11,0.164,4464.63,2220.26
ESCRITORIO,5537.51,1,5,24,0.396,3491.62,1693.94
ESCRITORIO,6034.9,1,5,28,0.412,3786.53,1969.16
ESCRITORIO,5795.2,1,1,9,0.096,5492.74,2847.69
ESCRITORIO,6986.98,0,5,24,0.396,4243.97,2240.13
ESCRITORIO,5605.9,0,2,14,0.176,4810.44,2495.75
ESCRITORIO,4136.02,1,2,15,0.18,3436.68,1932.74
ESCRITORIO,5895.01,1,0,7,0.028,5740.97,2777.17
ESCRITORIO,6865.64,1,1,11,0.104,5841.82,3281.72
ESCRITORIO,5453.34,1,3,20,0.26,3977.4,2112.0
ESCRITORIO,4676.74,1,2,8,0.152,3876.15,2071.43
ESCRITORIO,6545.82,1,1,6,0.0839,5808.73,3143.55
ESCRITORIO,5346.37,1,0,8,0.032,5161.81,2697.31
ESCRITORIO,5625.57,1,0,6,0.024,5350.84,2863.91
ESCRITORIO,6199.02,0,4,9,0.2759,4600.58,2445.5
ESCRITORIO,5734.28,1,3,11,0.224,4326.77,2413.39
ESCRITORIO,4865.9,1,2,9,0.156,4182.98,2185.78
ESCRITORIO,5460.03,1,7,38,0.572,2496.0,1181.31
ESCRITORIO,6060.63,0,2,13,0.1719,5033.22,2964.06
ESCRITORIO,6298.08,1,3,5,0.2,5086.58,2881.14
ESCRITORIO,5920.4,1,2,12,0.1679,4755.06,2734.05
ESCRITORIO,6182.01,1,2,6,0.144,5015.61,2791.27
ESCRITORIO,6404.53,1,5,15,0.36,3932.31,1977.8
ESCRITORIO,5883.92,0,2,6,0.144,4845.27,2879.08
ESCRITORIO,6143.54,0,1,5,0.08,5366.08,2784.45
ESCRITORIO,4534.21,1,1,8,0.092,4172.14,2077.64
ESCRITORIO,6154.65,0,6,7,0.388,3923.27,2176.87
ESCRITORIO,5988.91,1,2,9,0.156,5255.05,2914.17
ESCRITORIO,5601.21,0,5,26,0.404,3173.23,1680.56
IMPRESORA PASILLO,39588.46,1,1,28,0.172,31432.89,15793.46
ESCRITORIO,6411.88,1,1,11,0.104,5639.8,2844.83
ESCRITORIO,6065.19,1,1,7,0.088,5822.03,3135.89
ESCRITORIO,6337.58,1,1,13,0.112,5601.51,2774.35
ESCRITORIO,6250.73,1,3,21,0.264,4441.1,2522.21
IMPRESORA PASILLO,79954.15,1,2,48,0.312,56826.6,26923.45
ESCRITORIO,6040.61,0,5,32,0.428,3426.64,1591.57
ESCRITORIO,6349.96,1,1,5,0.08,5905.79,3441.73
ESCRITORIO,6535.38,0,1,5,0.08,5775.1,3206.77
ESCRITORIO,5684.9,1,2,7,0.148,4846.4,2728.6
ESCRITORIO,6017.94,1,0,7,0.028,5725.08,3016.45
ESCRITORIO,6044.66,1,2,6,0.144,5003.76,2918.72
ESCRITORIO,6444.47,1,2,18,0.192,5062.49,2945.56
ESCRITORIO,5670.73,0,4,28,0.352,3899.28,2064.0
ESCRITORIO,5146.55,0,3,18,0.252,4073.64,1978.07
ESCRITORIO,6272.52,1,7,43,0.592,2601.44,1174.52
ESCRITORIO,4898.73,1,3,11,0.224,3582.58,1877.52
ESCRITORIO,6148.27,1,2,10,0.16,5337.56,2700.28
ESCRITORIO,6233.47,1,1,12,0.108,5858.3,3261.37
ESCRITORIO,5518.35,1,5,30,0.42,3359.73,1729.08
ESCRITORIO,5173.17,1,3,24,0.276,3984.86,2146.09
ESCRITORIO,6066.77,1,3,14,0.236,4887.53,2650.82
ESCRITORIO,5573.93,1,3,15,0.24,4486.97,2540.04
ESCRITORIO,5117.89,0,4,21,0.324,3294.62,1895.54
ESCRITORIO,6059.08,0,5,5,0.32,3901.58,2256.79
ESCRITORIO,6038.07,0,4,29,0.356,4076.94,2300.86
ESCRITORIO,5961.64,1,3,17,0.248,4352.6,2508.43
ESCRITORIO,6203.55,0,6,22,0.448,3405.24,1712.3
ESCRITORIO,5531.73,1,0,6,0.024,5454.84,2759.79
ESCRITORIO,5949.61,1,6,12,0.4079,3516.98,1714.31
ESCRITORIO,6371.88,1,3,7,0.208,5078.83,2896.0
IMPRESORA PASILLO,81607.16,1,0,6,0.024,75825.08,37470.16
ESCRITORIO,5636.49,1,0,5,0.02,5707.76,2777.94
ESCRITORIO,5617.22,1,1,6,0.0839,5423.12,2970.2
ESCRITORIO,7052.8,1,1,9,0.096,6702.84,3326.6
ESCRITORIO,5919.66,1,1,7,0.088,5478.76,3177.7
ESCRITORIO,6663.8,1,5,27,0.408,4134.82,2204.72
ESCRITORIO,6191.02,0,3,21,0.264,4368.15,2445.8
ESCRITORIO,5502.73,1,2,16,0.184,4508.69,2369.39
ESCRITORIO,6391.78,0,3,5,0.2,5065.89,2766.8
ESCRITORIO,6043.53,1,1,5,0.08,5269.43,2953.11
ESCRITORIO,5700.45,1,1,10,0.1,5218.32,2632.48
ESCRITORIO,5879.08,1,3,7,0.208,4855.18,2567.48
ESCRITORIO,5510.0,1,6,12,0.4079,3529.15,1905.23
ESCRITORIO,7088.04,1,2,12,0.1679,5708.21,2922.63
ESCRITORIO,7455.18,0,3,23,0.272,5302.2,2643.04
ESCRITORIO,5931.56,0,8,48,0.6719,1970.99,895.46
ESCRITORIO,5060.44,0,6,39,0.516,2422.45,1155.93
ESCRITORIO,6045.85,1,2,9,0.156,5068.7,2871.21
ESCRITORIO,5828.34,0,4,26,0.3439,3651.5,1922.56
ESCRITORIO,6511.26,1,1,8,0.092,5948.63,3378.19
ESCRITORIO,6387.95,1,2,9,0.156,5440.55,3230.82
ESCRITORIO,6053.09,1,3,18,0.252,4798.64,2653.1
ESCRITORIO,5612.84,0,4,26,0.3439,3638.8,1827.94
ESCRITORIO,5310.1,1,3,24,0.276,3972.37,1972.57
ESCRITORIO,6613.88,0,3,21,0.264,4695.9,2400.78
ESCRITORIO,5272.54,1,6,7,0.388,3049.24,1614.37
ESCRITORIO,7246.92,1,0,8,0.032,6836.55,3714.58
ESCRITORIO,5373.77,1,5,13,0.352,3684.94,1840.66
